valor_aluguel,area_m2,ano_construcao,codigo_localidade,numero_banheiros,numero_cozinhas,codigo_bairro
120.97436,35,1939,1,0,0,1112
436.97433,104,1939,1,1,0,1112
355.7436,29,1971,2,0,0,2114
282.9231,39,1972,2,0,0,2148
807.2308,97,1985,1,0,0,2222
482.82053,62,1962,1,0,0,2222
323.69232,31,1965,1,0,0,2211
370.97437,61,1957,2,1,0,2142
373.69232,72,1978,1,0,0,2143
521.6923,75,1968,1,0,0,2142
644.2051,65,1956,2,0,0,2113
700.46155,91,1984,1,0,0,1402
781.1282,100,1959,1,0,0,1516
412.30768,32,1994,1,0,0,1541
330.30768,64,1962,1,0,0,1123
245.89743,63,1929,1,0,0,1132
557.02563,103,1955,1,1,0,1111
424.97437,73,1980,1,0,0,1133
330.20514,60,1957,1,0,0,1123
292.30768,58,1934,1,0,0,1133
333.53848,32,1972,1,0,0,1134
322.2564,81,1996,1,0,1,1212
185.48718,39,1935,1,0,0,1132
472.05127,108,1955,1,1,0,1111
685.5385,87,1979,2,1,1,2145
509.1282,60,1939,2,0,0,2145
688.97437,125,1979,1,0,0,2412
205.33333,67,1964,1,0,0,2314
368.76923,80,1972,1,0,0,2314
636.4103,74,1957,1,0,0,2414
237.89743,42,1962,1,0,0,2314
413.23077,39,1996,1,0,0,2314
846.1026,90,1983,2,0,1,2144
375.6923,80,1971,1,0,0,1012
329.89743,41,1960,1,0,0,2421
303.7949,59,1960,1,0,0,2421
925.2821,107,1918,2,0,0,231
483.02567,63,1929,1,0,0,210
1150.1539,156,1918,2,0,0,210
531.3846,110,1918,2,0,0,232
664.0513,64,1918,3,0,0,911
312.6154,75,1960,3,0,0,924
377.58975,54,1934,2,0,0,922
521.53845,70,1970,1,0,1,1022
471.84613,71,1970,1,0,0,2314
345.89743,33,1967,3,0,0,964
114.46154,35,1939,1,0,0,2314
326.35898,27,1972,2,0,0,922
390.51282,48,1972,3,0,0,911
542.71796,54,1986,2,0,0,964
336.97433,30,1972,1,0,0,2121
486.05127,86,1965,1,0,0,963
433.28207,60,1957,2,0,0,961
713.53845,87,1981,1,0,0,1361
537.3334,78,1991,1,0,0,1346
396.92307,78,1969,1,0,0,1342
528.7692,96,1967,1,0,0,1341
478.82053,71,1965,2,0,0,1544
471.79486,59,1986,1,1,0,1322
341.79486,82,1982,1,0,0,1313
373.02567,87,1972,1,0,0,1345
404.71796,78,1929,1,0,0,1011
530.20514,75,1967,1,1,1,2441
333.7949,70,1965,1,0,0,2441
369.33334,57,1972,1,0,0,2421
704.10254,75,1984,1,0,0,2425
221.02563,64,1957,1,0,0,2422
705.38464,58,1994,2,0,0,2146
384,57,1918,2,0,0,2135
808.3077,123,1918,2,0,0,563
427.02563,60,1956,1,0,0,552
899.6923,91,1958,1,0,0,563
462.2564,53,1956,1,0,0,1711
648.4103,88,1960,1,0,0,1822
239.28206,56,1929,1,0,0,1713
410.10257,84,1956,2,0,0,1373
601.53845,75,1994,1,1,0,1402
387.28204,77,1964,1,0,0,1406
341.9487,77,1961,1,0,0,521
473.1795,54,1990,1,0,0,1014
316.66666,71,1965,1,0,0,2441
477.94873,85,1957,1,0,0,1016
606.1026,58,1994,2,0,0,1532
565.0257,84,1973,1,0,0,1642
291.3846,67,1972,1,0,0,1402
575.9487,96,1924,1,0,0,1013
363.84616,54,1979,1,0,1,1015
302.9231,42,1971,1,0,0,1012
466.15384,72,1983,1,1,0,1013
435.43588,61,1983,1,0,0,1013
212.25641,46,1965,1,0,0,1957
419.64102,36,1985,3,0,0,1955
566.4103,61,1983,1,0,0,1957
375.58975,46,1991,1,0,0,1934
276.71793,28,1965,1,0,0,1934
1035.4359,105,1991,2,1,0,1927
830.1539,70,1987,3,0,0,1952
339.4359,49,1957,2,0,0,2026
748.71796,88,1983,1,1,0,2024
424.15384,81,1962,1,0,0,734
601.28204,87,1972,1,0,0,2024
456.2051,55,1969,1,0,0,2027
506.5641,65,1939,2,0,0,2032
503.53848,82,1941,1,0,0,734
243.38461,48,1929,1,0,0,163
247.74359,39,1957,2,0,0,153
461.1282,88,1957,2,0,0,162
338.15387,57,1964,2,0,0,522
414.56412,68,1918,2,0,0,532
352.56412,59,1958,2,0,0,1532
497.64105,74,1964,1,0,0,2011
418.6154,70,1939,1,0,0,2522
359.79486,47,1964,1,0,0,2011
284.6154,50,1990,2,0,0,2526
270.30768,68,1955,1,0,0,2523
339.07693,87,1969,1,0,0,2526
430.92307,45,1973,2,0,0,2135
292.82053,51,1971,1,0,0,2134
646.1026,80,1969,2,0,1,2525
584,77,1936,1,0,0,2524
387.89746,63,1951,1,0,0,2512
238.97437,70,1965,1,0,0,2314
478.0513,72,1972,1,0,0,2314
623.43585,70,1971,1,0,0,2411
316.35898,55,1971,1,0,0,1025
667.3334,82,1996,1,0,1,2314
400.15384,74,1972,1,0,0,2314
500.97437,83,1972,1,0,0,2313
420.5641,107,1972,2,0,0,1957
535.12823,55,1959,1,0,0,1927
399.28204,65,1957,1,0,0,1912
386.41025,65,1974,1,0,0,1013
513.28204,45,1991,1,0,0,1013
794.2564,78,1986,1,0,0,1013
318.51282,29,1974,1,0,0,1013
278.3077,31,1963,1,0,0,1013
384.92307,84,1962,2,0,0,2131
623.8974,82,1995,2,0,0,2113
409.79486,48,1983,1,0,0,2113
510.41025,53,1993,1,0,1,2148
520.4103,66,1971,2,0,0,2113
601.1795,62,1984,1,0,0,2149
602.87177,68,1971,1,1,0,2324
597.2308,63,1929,2,0,0,2134
451.17947,57,1995,2,0,0,2113
904.7179,100,1994,1,0,0,2234
871.02563,85,1995,1,1,0,2234
530.35895,53,1971,1,0,0,2325
736.1539,100,1972,1,0,0,811
838.46155,90,1991,1,0,1,2226
511.48718,57,1970,1,0,0,2011
365.9487,62,1962,1,0,0,2513
497.48715,98,1918,1,0,0,2135
538.3077,54,1988,2,0,0,2515
383.07693,57,1996,1,0,0,2523
346.76923,72,1951,2,0,0,2522
313.33334,47,1957,1,0,0,2524
689.89746,76,1964,2,0,0,2526
417.84616,108,1956,2,0,0,2524
560.5128,85,1957,2,0,0,371
337.7436,52,1957,2,0,0,372
563.4872,79,1918,2,0,0,220
525.2308,79,1957,2,0,0,360
208.10255,30,1956,2,0,0,360
517.02563,60,1990,1,0,1,2314
424.56412,50,1979,1,0,0,2412
914.0513,65,1984,2,0,0,162
534.2051,72,1958,2,0,0,153
490.66666,66,1957,2,0,0,113
415.7436,93,1955,1,1,0,1112
594.9743,70,1964,1,0,0,1132
383.23077,66,1957,1,0,0,1132
421.17947,101,1959,1,0,0,1371
1009.02563,140,1957,3,0,0,1331
582.61536,75,1968,2,0,0,1333
710.1539,79,1962,1,0,0,1371
793.1282,105,1980,1,1,0,1313
847.53845,117,1980,1,1,0,1313
383.23077,54,1995,2,0,0,2113
385.7436,82,1929,2,0,0,411
328.71796,55,1918,2,0,0,1243
391.02563,71,1957,2,0,0,1243
704.10254,98,1957,2,0,0,1243
618.5128,72,1918,2,0,0,113
345.33334,62,1929,2,0,0,1243
256,29,1971,2,0,0,415
550.9231,61,1969,1,0,0,724
218.05128,94,1929,1,0,1,2513
652.5641,74,1948,3,0,1,925
277.69232,39,1968,1,0,0,1942
482.46152,63,1968,1,0,0,2515
132.61539,46,1954,1,0,0,2522
626.97437,88,1971,2,0,0,925
474.92307,44,1957,1,0,0,916
306.92307,68,1929,2,0,0,926
481.0769,83,1957,2,0,0,411
307.64105,76,1918,2,0,0,426
1149.5385,140,1929,2,1,0,1243
510.41025,100,1935,2,0,0,1243
245.89743,30,1959,2,0,0,425
480.46155,100,1968,1,0,0,1641
254.35898,45,1936,1,0,0,1612
390.76923,73,1955,1,0,0,1401
249.74359,51,1954,1,0,0,1612
362.05127,79,1969,1,0,0,1622
490,67,1973,2,1,0,1531
77.07693,39,1949,1,0,0,1613
333.1795,56,1969,2,0,0,1408
382.2564,58,1939,1,0,0,1612
417.02563,45,1996,2,0,0,1542
507.94873,52,1918,1,1,0,1812
297.23074,41,1994,1,0,0,1831
543.7436,105,1973,1,0,0,1713
477.58975,73,1960,1,0,0,1822
642,73,1960,1,0,0,1822
460.51282,110,1954,1,1,0,1722
515.38464,110,1960,1,0,0,1615
590.61536,64,1961,1,0,0,1631
418.51282,60,1963,1,0,0,1615
298.56412,30,1972,1,0,0,1615
148.51282,60,1952,1,0,0,1714
544.1538,101,1957,1,0,0,1721
435.1282,80,1929,1,0,0,1714
483.7436,110,1963,1,1,0,1722
395.58975,50,1973,1,0,0,1615
429.53845,82,1954,1,0,0,1722
264.6154,40,1970,1,0,0,1013
408.0513,75,1994,1,1,0,2412
180.71794,87,1966,1,0,0,2441
376.97433,55,1971,1,0,0,1012
522.5641,70,1972,1,0,0,2421
642.10254,80,1984,2,0,0,1615
344.15384,71,1957,1,0,0,1402
471.79486,69,1971,1,0,0,1642
530.20514,84,1968,1,0,0,1641
633.69226,76,1956,1,0,0,1542
479.48718,92,1955,1,1,0,1112
493.4359,67,1960,1,0,0,2421
233.28204,80,1958,1,0,0,2425
144.5641,50,1957,2,0,0,1334
626.56415,70,1939,2,0,0,734
620.6667,65,1972,1,0,0,2025
368.46155,60,1972,1,0,0,1944
463.53848,67,1965,1,0,0,1944
593.28204,69,1929,2,0,0,926
354.51282,28,1959,2,0,0,926
422.9231,86,1970,1,0,0,2121
378.6154,63,1962,1,0,0,1832
548.5128,62,1994,2,1,0,2131
792.46155,88,1982,1,1,0,2135
521.9487,90,1994,2,0,0,2143
753.28204,65,1956,1,0,0,2323
596.359,75,1972,1,0,0,1321
409.94873,76,1967,1,0,0,1342
626.05133,66,1937,2,0,0,1243
606.97437,49,1971,2,0,0,1262
495.9487,80,1918,3,0,0,1250
372,82,1964,1,0,0,1342
307.23074,59,1940,1,0,0,2525
348.15387,62,1954,2,0,0,2522
248.35896,57,1936,1,0,0,2524
282.6154,29,1983,1,0,0,2523
398.9231,48,1967,1,0,0,2522
453.84616,50,1972,1,0,0,2524
336.92307,90,1950,1,0,0,2512
238.82053,23,1972,2,0,0,1261
353.7436,30,1973,1,0,0,551
371.23077,76,1918,1,0,0,1713
365.1282,26,1957,1,0,0,611
252.82051,50,1918,1,0,0,611
473.89743,85,1973,2,0,0,711
251.58975,38,1955,1,0,0,711
392.56412,87,1936,2,0,0,712
890.97437,85,1939,1,0,1,2024
201.53847,32,1973,1,0,0,611
441.6923,48,1962,1,0,0,711
285.6923,39,1958,1,0,0,1912
540.5128,80,1965,2,0,0,2025
356.6154,42,1957,2,0,0,1262
292.2564,82,1918,1,0,0,1713
296.97433,35,1960,1,0,0,1822
712.46155,81,1955,3,0,0,1373
833.3333,81,1918,2,0,0,232
274.56412,53,1961,2,0,0,532
700.8205,85,1918,2,0,0,231
626.1026,77,1957,2,0,0,231
404.46155,137,1939,1,1,0,522
540.4103,56,1918,2,0,0,231
438.15387,80,1918,2,0,0,220
439.89743,44,1957,2,0,0,1407
173.1282,65,1956,2,0,0,1242
446.30768,110,1924,1,0,0,1236
733.8974,120,1918,2,0,0,1242
328.82053,32,1983,1,0,0,2522
454.35898,48,1983,1,0,0,2114
613.4872,74,1939,2,0,0,942
571.641,74,1973,1,0,0,2513
734.5128,100,1981,2,1,0,2142
391.0769,61,1918,1,0,0,422
506.76923,92,1939,1,0,0,1122
407.02563,60,1964,1,0,0,1121
284.3077,38,1959,2,0,0,941
597.9487,95,1957,1,0,0,951
294.51282,54,1918,1,0,0,962
253.38461,33,1957,2,0,0,942
356.8205,82,1969,2,0,0,951
491.7436,55,1984,1,0,0,2512
371.64102,40,1958,2,0,0,941
333.48718,93,1929,1,0,0,2513
619.53845,76,1918,1,0,0,962
419.7436,63,1950,1,0,0,2512
593.94867,85,1997,1,0,0,1321
378.0513,56,1963,1,0,0,1342
339.48718,58,1972,1,0,0,1362
356.2564,32,1972,1,0,0,1321
382.2564,30,1968,3,0,0,927
214.3077,28,1970,3,0,0,925
553.69226,63,1991,1,0,0,2221
654.92303,60,1918,2,0,0,913
377.53848,84,1935,3,0,0,925
464.66666,65,1957,1,0,0,2221
502.97437,105,1929,3,0,0,925
501.1282,77,1939,1,0,0,927
665.7949,85,1996,1,0,1,2324
384.92307,70,1929,1,0,0,915
222.92308,47,1929,1,0,0,916
513.1795,80,1972,2,0,0,914
592.4102,77,1962,1,0,0,1714
552.46155,111,1954,1,1,0,1722
379.79486,58,1962,1,0,0,1714
464.46155,82,1954,1,0,0,1722
484.97437,73,1973,1,0,0,1643
514,70,1973,1,0,0,1643
498.20514,98,1959,1,0,0,1714
303.3846,65,1961,1,0,0,1631
851.8461,105,1975,1,0,0,1644
485.89743,63,1982,1,0,0,1646
510,76,1955,2,0,0,1842
285.53845,79,1939,1,0,0,816
344.6154,109,1924,1,0,0,816
589.28204,64,1918,1,0,0,822
795.5898,78,1972,2,0,1,532
465.17947,110,1957,3,0,0,911
385.23077,61,1969,1,0,0,1013
507.89746,70,1991,1,1,0,1013
300.15384,80,1918,1,0,0,1014
388.2564,48,1972,1,0,0,1013
374.82053,83,1929,1,1,0,1025
426.51282,48,1972,1,0,0,1013
501.9487,69,1957,1,0,0,1025
503.23077,40,1964,1,0,0,1362
556.82056,54,1984,1,0,0,1361
824.4615,107,1969,2,0,0,1312
553.53845,126,1957,1,0,0,1112
551.53845,55,1957,2,0,0,273
875.2308,128,1929,1,1,0,273
356.2564,89,1980,2,1,0,943
407.43588,110,1918,2,0,0,813
280.30768,28,1969,2,0,0,563
238.3077,35,1918,1,0,0,1711
599.9487,54,1918,2,0,0,284
235.6923,53,1957,1,0,0,282
258.92307,95,1918,1,0,0,816
661.28204,123,1929,1,0,0,816
507.7949,56,1939,1,0,0,621
977.1795,92,1994,2,1,0,1541
1334.9744,132,1995,2,0,0,1543
574.0513,58,1957,2,0,0,1544
929.3333,95,1976,3,0,0,1952
1168.9744,100,1967,3,1,0,1952
732.3077,80,1970,2,0,0,1931
290.2564,28,1992,2,0,0,1934
434,80,1973,1,0,0,2024
690.35895,65,1965,1,0,0,1944
532.61536,46,1991,2,0,0,282
505.02563,79,1991,1,0,0,1213
425.53845,56,1988,1,0,0,1133
524.6666,75,1972,1,0,0,1013
298.20514,49,1957,2,0,0,360
410.51282,75,1957,2,0,0,360
418.6154,74,1929,2,0,1,153
342.05127,31,1929,2,0,0,360
164.15385,45,1918,1,0,0,816
365.9487,75,1959,2,0,0,360
384.51282,60,1957,2,0,0,360
265.84616,49,1959,2,0,0,372
459.4359,101,1918,2,0,0,360
492.35895,80,1929,2,0,0,421
302.9231,35,1929,2,0,0,372
372,138,1918,2,0,0,133
675.64105,84,1918,2,0,0,360
168.97437,30,1970,1,0,0,2513
466.66666,58,1970,2,0,0,2526
275.58975,85,1964,2,0,0,2524
452,50,1957,2,0,0,2012
178.82053,56,1956,1,0,0,2522
376.97433,62,1962,2,0,0,2523
355.6923,52,1969,1,0,0,2522
338,64,1963,2,0,0,2526
197.74359,22,1958,1,0,0,2514
498.97437,86,1962,1,0,0,2513
240.5641,52,1960,2,0,0,2526
526.97437,51,1971,1,0,0,1615
168.25641,60,1939,1,0,0,1714
368.56412,54,1959,1,0,0,1714
345.3846,47,1971,1,0,0,1713
186.71796,48,1918,1,0,0,1711
799.0769,84,1970,1,0,0,1713
373.84616,50,1957,2,0,0,563
130.82051,49,1953,1,0,0,1712
407.94873,55,1957,1,0,0,1713
446.6154,58,1971,2,0,0,1851
537.12823,64,1972,1,0,0,1957
571.1282,70,1940,2,0,0,732
355.7436,63,1961,1,0,0,1926
698.359,85,1970,2,0,0,1935
304,45,1972,2,0,0,1957
218.71794,50,1965,2,0,0,1933
628.1539,60,1992,1,0,1,622
256.66666,64,1929,1,0,0,1912
414.92307,74,1957,1,0,0,623
222.5641,30,1956,1,0,0,624
527.2308,76,1971,1,0,0,724
397.3846,50,1929,1,0,0,623
510.2564,64,1972,1,0,0,723
193.33333,55,1939,2,0,0,532
241.84616,79,1918,2,0,0,522
884.8205,137,1918,1,1,0,163
655.4359,145,1929,2,1,0,163
507.1282,56,1957,1,0,0,522
466.2051,102,1918,2,0,0,153
320.76923,34,1971,1,0,0,163
261.64102,30,1918,1,0,0,611
432.51285,64,1972,1,0,0,1944
367.64105,59,1973,2,0,0,711
643.3333,77,1957,2,0,0,2026
478.6667,55,1957,1,0,0,611
430.6154,44,1984,2,0,0,1943
203.64102,49,1918,2,0,0,541
540.3077,48,1955,1,0,0,1363
411.3846,56,1969,1,0,0,1642
1372.5128,155,1918,2,0,0,163
415.02563,118,1918,1,0,0,163
362.46152,71,1956,2,0,0,152
985.89746,160,1918,2,0,0,383
349.53845,36,1959,2,0,0,350
425.58975,93,1918,1,0,0,623
584.3077,63,1991,1,0,0,714
576.82056,89,1960,2,0,0,411
274.71796,67,1918,2,0,0,426
711.2308,59,1924,2,0,0,411
666.6667,63,1957,2,0,0,426
624.2564,77,1972,1,1,1,2314
753.69226,88,1964,1,0,0,962
188.51282,70,1957,1,0,0,914
340.10257,57,1939,1,0,0,963
868.359,49,1988,2,0,0,964
307.69232,33,1939,1,0,0,963
475.17947,88,1983,1,0,0,1642
623.1282,78,1955,1,0,1,1363
523.02563,76,1977,1,0,0,1363
591.3846,102,1970,1,0,0,1375
404.2564,74,1970,1,0,0,1402
439.7436,64,1958,1,0,0,2132
612.7692,55,1983,1,0,0,2221
417.02563,73,1969,1,0,0,2221
644.7692,65,1967,1,0,0,2514
774.5128,98,1966,1,0,0,2221
417.69232,55,1955,1,0,1,1123
469.07693,110,1955,1,1,0,1111
1260.5128,104,1918,1,0,0,242
371.89743,81,1939,2,0,0,233
407.0769,78,1936,2,0,0,233
356.2564,35,1958,2,0,0,350
172.97435,45,1939,2,0,0,415
485.33334,55,1972,2,0,0,425
634.4615,75,1973,2,0,0,1544
529.8461,42,1983,1,0,0,1512
659.9487,75,1955,2,0,0,2123
313.33334,68,1965,1,0,0,422
213.33333,22,1970,1,0,0,2513
152.46153,59,1952,1,0,0,2522
650.6667,57,1972,2,0,0,2526
428.0513,69,1963,2,0,0,2526
377.7436,66,1963,2,0,0,563
417.43588,95,1929,1,0,0,1711
911.53845,108,1989,1,0,0,563
289.69232,60,1950,1,0,0,552
308.6667,31,1929,1,0,0,1812
882,130,1918,1,0,0,552
482.41025,56,1957,2,0,0,563
394.46155,44,1973,1,1,0,2322
273.4359,58,1930,1,1,0,916
254.46155,42,1974,2,0,0,914
243.89745,78,1918,2,0,0,961
184.82051,50,1929,2,0,0,914
670.87177,74,1959,2,0,1,411
686.82056,104,1957,2,0,0,414
615.8462,58,1959,2,0,0,1261
480.05127,90,1957,2,0,1,414
914.61536,96,1929,2,0,0,414
583.17944,63,1939,2,0,0,411
322.41025,58,1956,2,0,0,411
507.3846,68,1918,2,0,0,411
590.4103,65,1957,2,0,0,412
705.7949,80,1929,2,0,0,914
455.48718,55,1929,2,0,0,942
237.17949,35,1975,1,0,1,713
380.66666,88,1929,2,0,0,941
390.41025,85,1958,2,0,0,425
345.3846,42,1952,1,0,0,1236
1083.7948,96,1918,2,1,0,1242
495.07693,68,1972,1,0,0,422
1075.641,110,1939,1,1,0,1313
436.05127,71,1918,2,0,0,231
633.69226,108,1918,2,0,0,231
527.38464,92,1972,1,0,0,1342
587.38464,57,1994,1,1,0,2131
412.56412,57,1958,1,0,0,2113
595.5385,57,1972,2,0,0,926
543.69226,92,1963,1,0,0,2135
419.1795,75,1957,2,0,0,415
322.41025,61,1957,2,0,0,414
731.9487,89,1973,2,0,0,1244
458.2564,85,1957,1,1,0,1312
860.10254,95,1991,1,0,0,1313
507.3333,56,1983,1,0,1,1312
455.79486,44,1968,2,0,0,2523
558.5128,79,1957,1,0,0,2514
675.4872,76,1924,2,0,0,926
877.53845,155,1918,3,1,0,925
439.4359,97,1960,2,0,0,925
1236.8206,110,1990,1,0,0,1375
319.94873,78,1936,2,0,0,1375
615.3334,73,1993,1,0,0,1714
775.4359,78,1981,1,0,0,1711
679.3333,94,1939,2,1,0,1853
691.2308,72,1918,2,0,1,1852
349.4359,55,1956,2,0,0,331
653.3846,89,1976,1,0,0,2113
519.79486,58,1980,2,0,0,711
484.46155,55,1957,1,0,0,723
600.97437,70,1972,1,0,0,711
361.1282,57,1963,1,0,0,2514
531.53845,110,1965,1,1,0,2514
640.0513,102,1959,1,0,0,711
232.35898,55,1960,1,0,0,2514
593.4872,71,1918,3,0,0,924
214.51282,45,1957,1,0,0,963
505.6923,87,1971,1,0,0,1012
568.97437,76,1959,1,0,0,927
776.1539,152,1918,2,0,0,913
313.1795,80,1957,2,0,0,913
335.58975,54,1970,1,0,0,2113
340.6154,82,1969,2,1,0,521
619.89746,80,1918,2,0,0,232
624.92303,82,1962,1,0,0,1132
476.15384,87,1972,2,1,0,2143
370.71796,73,1962,2,0,0,2524
809.53845,87,1930,1,0,1,624
661.28204,80,1962,1,0,0,624
453.28207,82,1939,1,0,0,623
470,60,1966,2,0,0,2524
491.28204,77,1929,2,0,0,913
357.23074,81,1929,1,0,0,331
168.61537,68,1918,1,0,0,623
336.97433,52,1956,1,0,0,723
390.35898,65,1957,1,0,0,1831
451.6923,85,1972,1,1,0,1011
368.15387,96,1936,3,0,0,1335
654.7692,69,1991,1,0,1,1313
247.17949,30,1957,2,0,0,411
343.69232,87,1918,2,0,0,961
373.48718,57,1962,1,0,0,734
599.89746,60,1972,2,0,0,1953
280.05127,40,1966,1,0,0,1957
406.8718,40,1967,1,0,0,1957
358.76923,38,1986,1,0,0,1934
549.64105,78,1971,1,0,0,422
289.84616,30,1956,1,0,0,963
403.58975,79,1929,1,0,0,813
230.71794,82,1918,2,0,0,942
713.3846,129,1918,2,0,0,914
698.0513,80,1958,2,0,0,341
344.51282,35,1953,1,0,0,2512
136.66667,32,1972,1,0,0,2424
413.1795,62,1971,1,0,0,1012
293.94873,46,1959,1,0,0,814
304.82053,75,1956,2,0,0,333
202,45,1929,2,0,0,350
644.10254,70,1918,1,0,0,612
264.97437,29,1957,1,0,0,713
595.9487,52,1961,1,0,0,713
718.46155,69,1918,2,0,0,961
506.46152,77,1960,1,0,0,963
469.33334,60,1960,1,0,0,1121
851.1795,85,1992,1,0,0,1122
613.94867,76,1969,3,0,0,964
369.58975,68,1960,1,0,0,963
646.97437,66,1981,1,0,0,962
288.82053,45,1971,1,0,0,1012
556.7692,108,1971,1,0,0,942
441.6923,69,1971,1,0,0,1012
571.4359,83,1973,1,0,0,1015
698.3077,75,1918,1,0,0,563
543.8461,47,1992,2,0,0,813
458.0513,64,1959,1,0,0,1822
535.7436,52,1992,2,0,0,563
435.58975,43,1972,1,0,0,1123
317.28204,81,1918,2,0,0,961
272.2051,33,1983,1,0,0,1132
785.3334,84,1988,2,0,0,941
143.84616,71,1957,2,0,0,531
411.89743,51,1984,1,0,0,1132
337.7436,36,1968,1,0,0,1343
818.6154,120,1983,2,1,0,1653
523.79486,54,1984,1,0,0,252
439.48718,99,1957,1,1,0,1624
765.38464,95,1980,1,1,0,1832
582,111,1954,1,1,0,1722
455.89743,52,1966,1,0,0,1714
568.46155,102,1954,1,1,0,1722
532.7692,54,1957,2,0,0,372
516,58,1936,2,0,0,2529
268.10257,56,1918,1,0,0,2526
266.2564,65,1929,1,0,0,1921
634.4615,74,1984,1,0,0,1924
447.3333,57,1986,1,0,0,152
437.28204,80,1959,2,0,0,2526
224.51282,52,1957,1,0,0,331
203.74358,45,1939,1,0,0,2528
671.8974,58,1994,1,0,0,1342
512.6667,125,1918,2,0,0,122
335.53845,73,1918,2,0,0,232
418.10257,96,1957,1,0,0,1112
494.41025,73,1965,1,0,0,1122
298.3077,65,1918,1,0,0,1121
814.5641,76,1983,1,0,1,1611
618,62,1983,1,0,1,563
755.64105,96,1929,1,0,0,1811
419.1795,75,1957,1,0,0,1812
266.41025,60,1957,2,0,0,210
172.15385,67,1918,2,0,0,231
686.4103,75,1971,1,0,0,2411
349.64102,50,1957,1,0,0,1013
234.92308,36,1971,1,0,0,1025
501.58972,60,1918,2,0,0,531
607.1795,93,1961,2,0,0,425
405.89743,93,1955,1,1,0,1112
820.71796,120,1929,2,1,0,1243
897.07697,89,1954,1,0,0,1821
270.51282,30,1959,1,0,0,1822
137.94872,36,1918,2,0,0,411
315.64102,38,1960,1,0,0,1241
779.79486,69,1991,2,1,0,2135
871.3333,73,1972,3,0,0,925
181.94872,84,1964,1,0,0,1371
388.8718,64,1972,1,0,0,1957
547.02563,56,1956,2,0,0,913
427.64105,60,1954,2,0,0,543
806.6154,81,1918,2,0,0,531
475.79486,50,1972,2,0,0,2146
445.02563,59,1981,1,0,0,2221
391.3846,30,1974,2,0,0,926
237.1282,36,1960,1,0,0,963
284.35898,26,1972,1,0,0,1281
597.7436,74,1929,1,0,0,422
398.2564,76,1970,1,0,0,713
437.43588,49,1918,1,0,0,612
382.8718,56,1957,2,0,0,333
830.87177,85,1918,2,0,1,816
279.02563,75,1957,1,0,0,273
404.3077,56,1918,1,0,0,814
735.2308,96,1967,2,0,0,714
239.38461,95,1918,1,0,0,816
260.3077,78,1929,2,0,0,941
443.4359,49,1971,1,0,0,2021
266.15384,38,1958,1,0,0,928
345.9487,34,1984,2,0,0,411
414.15384,29,1972,1,0,0,2011
201.48718,59,1957,1,0,0,624
614.2051,69,1965,1,0,0,1944
992.87177,107,1972,1,1,1,1944
227.4359,65,1918,2,1,0,1244
691.79486,115,1955,2,0,0,1262
381.89743,45,1918,2,0,0,415
610.6667,82,1984,2,0,0,964
665.64105,85,1985,2,0,0,1235
438.20514,90,1939,2,0,0,412
1170.3077,110,1973,3,0,0,1250
418,72,1970,1,0,0,1712
571.5897,72,1972,1,0,0,1811
577.1795,61,1937,2,0,0,563
664.92303,87,1972,2,0,0,411
399.89743,82,1957,2,0,0,412
588.0513,54,1957,2,0,0,411
584.5641,97,1939,2,0,0,411
434,60,1957,2,0,1,426
476.2051,59,1957,2,0,0,414
283.02567,86,1918,2,0,0,914
459.7436,55,1918,2,0,0,961
92.10257,39,1939,1,0,0,2222
508.51282,64,1918,1,0,0,915
412.6154,51,1957,2,0,0,210
378.10257,80,1930,1,0,0,916
470.20514,90,1918,2,0,0,961
380.41025,60,1956,2,0,0,350
278.82053,38,1929,2,0,0,1261
319.48718,65,1929,1,0,0,261
296.5641,35,1967,1,0,0,252
654.8205,130,1929,1,1,0,242
745.4359,70,1991,2,0,1,1723
342.71796,55,1918,1,0,0,822
243.84616,58,1961,2,0,0,284
570.61536,120,1939,1,0,0,251
435.89743,51,1967,1,0,0,1133
698.2564,78,1959,2,1,0,2524
358.6667,61,1957,1,0,0,1133
353.1795,56,1959,1,0,0,1132
794.9743,95,1972,2,1,0,1243
373.58975,79,1924,3,0,0,1852
542.20514,70,1957,2,0,0,151
964.4102,73,1991,2,1,1,153
572.6666,79,1957,2,1,0,1531
600.97437,54,1984,2,0,0,964
544.8205,120,1929,1,0,0,1011
377.94873,33,1977,2,0,0,1244
813.79486,70,1991,3,1,0,2133
727.3334,130,1957,2,0,0,411
709.7436,85,1918,2,1,0,543
944,86,1991,1,1,1,542
641.6923,67,1918,2,0,0,210
467.02563,71,1939,2,0,0,360
411.64102,80,1957,2,0,0,1543
619.53845,58,1991,2,0,0,1541
202.25641,32,1929,2,0,0,210
507.28204,56,1959,2,0,0,232
548.5128,71,1983,1,0,0,1363
307.64105,50,1959,2,0,0,231
512,70,1918,2,0,0,210
40.51282,47,1918,2,0,0,521
728.8205,90,1918,2,1,0,711
235.17949,40,1958,1,0,1,1611
395.53845,69,1918,1,0,0,542
451.23077,77,1972,2,0,0,1613
270.30768,77,1918,1,0,0,522
270.92307,31,1939,2,0,0,914
755.64105,86,1918,2,0,0,961
514.3077,60,1918,2,0,0,242
301.17947,58,1957,1,0,0,1402
314.35898,39,1957,1,0,0,623
332.05127,104,1918,1,0,0,623
550.87177,78,1918,1,0,0,622
705.2821,96,1918,1,0,0,623
519.7436,82,1918,1,0,0,623
388.35898,64,1966,2,0,0,711
395.53845,69,1973,2,1,0,711
244.76923,48,1965,1,0,0,2131
291.02563,50,1924,1,0,0,2222
501.3846,59,1987,1,0,0,2213
459.7436,67,1984,1,0,0,714
468.71796,89,1971,1,0,0,713
386.15384,82,1960,1,0,0,612
412.46152,55,1969,1,0,0,612
424.8718,83,1970,1,0,0,713
246.05127,59,1939,1,0,0,734
683.53845,101,1979,1,0,0,2024
402.97437,55,1969,1,0,0,713
483.3846,77,1975,1,1,0,713
400.41025,50,1959,1,0,0,713
204.05128,57,1918,1,0,0,612
541.53845,62,1962,1,0,0,713
746.05133,89,1981,2,0,0,1935
880.61536,87,1984,2,1,1,1646
604.2564,60,1963,2,0,0,563
374.10257,35,1970,1,0,0,1713
134.35898,36,1931,1,0,0,713
635.5385,65,1929,1,0,0,252
763.02563,77,1918,2,0,0,813
451.79486,39,1985,2,0,0,332
670.8205,83,1985,1,0,0,252
916.71796,108,1918,1,0,0,261
215.23077,31,1918,1,0,0,822
559.8461,100,1961,1,0,0,963
724.5128,80,1957,2,0,0,350
439.79486,68,1956,1,0,0,1121
494.20514,75,1957,2,0,0,412
434.41025,58,1953,2,0,0,425
358.76923,55,1997,1,0,0,2142
204.20514,42,1939,1,0,1,2221
443.1795,84,1973,1,0,0,1122
271.1282,78,1957,2,0,0,350
581.1795,80,1957,2,0,0,350
294.0513,58,1957,2,0,0,943
407.89746,71,1959,1,0,0,951
534.3077,50,1969,1,0,1,2523
369.23077,58,1918,1,0,0,822
645.5898,59,1939,3,0,0,925
355.28204,55,1918,1,0,0,2134
707.12823,82,1959,1,0,0,927
344.76923,52,1959,1,0,1,1132
366,60,1957,2,0,0,941
279.84616,62,1918,2,0,0,231
632.46155,86,1980,2,0,0,531
660.1539,70,1984,1,0,0,1312
244,54,1966,2,0,1,1334
177.64102,53,1957,1,0,0,1281
939.28204,133,1961,3,0,0,1372
548.5128,75,1972,1,0,0,1942
245.28204,65,1954,2,0,0,1853
184.76923,51,1918,2,0,0,916
271.0769,74,1939,1,0,0,916
375.53845,86,1939,1,0,0,916
495.28204,99,1962,1,0,0,951
445.58975,100,1918,2,0,0,961
343.23077,33,1972,1,0,0,2522
494.82053,83,1957,1,0,0,1644
237.58974,52,1924,1,0,0,1124
453.58975,108,1955,1,0,0,1112
319.4359,41,1982,2,0,0,411
514.10254,115,1918,2,0,0,411
988.97437,99,1991,1,1,0,1321
453.94873,65,1918,2,0,0,242
712,87,1981,1,1,0,1361
597.3334,66,1964,1,0,0,1342
335.79486,30,1959,2,0,0,360
625.7949,60,1987,2,0,1,1534
282.56412,52,1918,1,0,0,1401
210.61539,47,1957,1,0,0,1404
594.7179,56,1984,2,1,1,1543
682.20514,80,1980,2,1,0,1544
498.15387,70,1965,2,0,0,1243
505.02563,56,1984,1,0,0,1132
1256.5128,93,1939,2,0,0,426
231.28206,54,1959,1,0,1,1132
256.6154,65,1957,1,0,0,1132
387.7436,70,1957,1,0,0,422
440.66666,80,1972,1,0,0,1011
589.38464,110,1929,1,0,0,1011
677.89746,84,1957,2,1,0,1243
203.94873,47,1938,2,0,0,411
322.82053,24,1983,2,0,0,426
183.58974,57,1956,2,0,0,1242
146.8718,34,1924,1,0,0,1236
391.43588,85,1963,2,0,0,411
377.3333,64,1957,2,0,0,2527
479.64102,85,1967,1,0,0,2524
393.53848,79,1956,1,0,0,2524
266.8718,47,1972,1,0,0,1932
637.4872,97,1971,1,0,0,1012
582.92303,61,1970,1,0,0,1013
594.4102,60,1939,1,0,0,261
463.02567,50,1967,2,0,0,2523
444.41025,93,1953,1,0,0,1921
856.05133,80,1939,2,0,0,1244
445.02563,87,1972,1,0,0,1321
558.97437,105,1929,1,0,0,541
281.3846,54,1929,2,0,0,390
857.8462,90,1996,1,0,0,552
366.5641,45,1929,1,0,0,563
278.10257,56,1932,1,0,0,1812
271.28204,45,1939,1,0,0,1841
463.69232,66,1954,1,0,0,1821
464.0513,52,1918,1,0,0,1811
412.41025,69,1918,1,0,0,1711
1022.4102,62,1984,2,1,0,1852
423.48718,70,1918,2,0,0,360
381.9487,54,1957,2,0,0,360
526.9231,56,1929,2,0,0,360
956.8718,100,1929,2,0,0,414
282.56412,76,1963,1,0,0,1134
501.02563,51,1972,1,0,0,422
320.5641,34,1952,1,0,0,1236
495.33334,50,1962,2,0,0,411
604.7692,61,1957,2,0,0,413
754.9743,88,1983,1,0,0,2024
362.10254,57,1924,1,0,0,1924
263.7436,74,1918,1,0,0,1812
701.8974,90,1924,2,0,0,1832
642.71796,110,1962,2,0,0,413
422.56412,50,1986,2,0,0,1545
491.64102,79,1955,2,0,0,2525
816,85,1930,2,0,0,926
269.94873,63,1929,2,0,0,942
350.20514,85,1918,1,0,0,242
904.5641,87,1924,3,0,0,925
296,40,1973,1,0,0,2222
356.92307,24,1971,1,0,0,961
407.0769,67,1957,2,0,0,233
233.48717,72,1968,1,0,0,2222
429.79486,70,1918,2,0,0,210
272.97437,80,1957,1,0,0,962
1234.7179,132,1939,2,0,1,961
283.1795,92,1918,1,0,0,914
428,102,1930,1,0,0,916
332.8718,45,1929,1,1,0,915
346.8718,86,1929,2,0,0,961
336.8718,25,1965,1,0,0,961
465.17947,73,1962,2,0,0,2131
379.94873,66,1959,1,1,0,1132
580.46155,62,1963,1,0,0,1132
324.6154,29,1961,1,0,0,1132
186.82051,69,1939,2,0,0,425
250.10257,62,1929,1,0,0,1132
624.1538,93,1955,1,0,0,422
579.7436,74,1938,2,0,0,1241
551.9487,53,1996,1,0,1,624
383.7949,34,1991,1,0,0,611
219.64102,60,1956,1,0,0,711
322.41025,103,1929,1,0,0,816
509.58975,60,1962,1,0,0,723
599.02563,56,1918,1,0,0,332
243.28204,28,1918,2,0,0,813
515.07697,90,1918,2,0,0,233
245.38461,30,1957,1,0,0,251
436.35898,91,1918,1,0,0,612
331.64102,80,1971,1,0,0,1012
270,73,1954,2,0,0,425
529.79486,95,1971,1,0,0,1012
528.9231,87,1971,1,0,0,1012
256.8718,60,1965,1,0,0,1957
216,60,1918,2,0,0,943
158.5641,52,1986,2,0,0,941
252.20512,62,1918,1,0,0,814
381.3333,75,1918,2,0,0,563
188.35896,38,1918,1,0,0,1711
299.69232,60,1957,1,0,0,552
570.71796,91,1970,1,0,0,1723
304.92307,52,1968,1,0,0,1641
649.8461,69,1972,1,0,0,963
262.56412,34,1960,1,0,0,1363
833.1282,74,1924,2,0,0,711
397.48715,73,1967,1,0,0,2524
278.71796,52,1918,2,0,0,543
535.1795,65,1918,1,0,0,543
844.3077,91,1918,2,0,0,531
593.7436,67,1958,2,0,0,543
275.6923,81,1918,2,0,0,541
412.71796,29,1957,2,0,0,210
315.28204,38,1965,1,0,0,1123
512.4103,47,1994,1,0,0,1516
657.4359,77,1981,2,1,0,1532
258.15384,56,1918,2,0,0,1634
541.3846,51,1982,1,0,0,1646
575.07697,68,1983,1,0,0,1643
402.15384,83,1960,1,0,0,1812
500.97437,77,1964,1,0,0,1833
1232.2052,124,1997,2,0,0,231
339.89743,70,1918,2,0,0,914
449.69232,96,1941,1,0,0,1375
331.48718,37,1957,1,0,0,1025
645.5385,72,1970,2,0,0,2315
678.1026,125,1991,2,0,0,930
379.84616,83,1929,1,0,0,1011
721.9487,141,1929,1,0,0,1011
551.28204,66,1972,1,0,0,963
878.3077,93,1972,1,1,0,711
223.48717,29,1969,2,0,0,563
557.9487,64,1929,1,0,0,1812
451.02563,80,1962,1,0,0,963
392.05127,43,1957,1,0,0,2027
720.46155,106,1972,2,1,0,733
595.12823,86,1968,1,0,0,1942
333.1282,73,1968,1,0,0,1921
382.15384,45,1992,1,0,0,734
398.35898,84,1939,1,0,0,734
479.53845,88,1968,1,0,0,1942
354.3077,39,1974,1,0,0,1922
283.84616,40,1957,1,0,0,1922
350.8205,40,1968,1,0,0,1942
472.6154,97,1972,1,0,0,723
725.12823,87,1963,2,0,1,1931
385.48718,65,1965,2,0,0,1933
460.30768,65,1963,1,0,0,1342
580.7692,62,1957,1,0,0,1404
588.5128,69,1918,3,0,0,1335
340.35898,36,1969,1,0,0,1402
384.0513,61,1960,1,0,0,1363
380.05127,38,1994,1,0,0,1342
397.7436,44,1991,1,0,0,712
505.23077,62,1985,1,0,0,2134
338.0513,80,1974,1,0,0,2033
365.23077,76,1918,1,0,0,612
509.94873,74,1957,2,0,0,350
404.3077,94,1918,2,0,0,1261
472.56412,70,1957,2,0,0,415
256.92307,37,1957,2,0,0,1243
156,81,1972,2,0,0,413
331.02563,37,1972,2,0,0,426
512.97437,65,1956,2,0,0,350
558.1539,93,1918,2,0,0,414
293.48718,30,1971,2,0,0,426
794.1538,68,1957,2,0,1,563
261.64102,63,1918,2,0,0,563
415.6923,38,1929,1,0,0,563
513.8974,67,1972,1,1,0,422
365.79486,62,1957,2,0,0,350
373.1795,78,1957,1,0,0,422
515.53845,104,1957,2,0,0,413
512.20514,59,1986,1,0,0,1014
610.10254,101,1971,1,0,0,1012
568.6154,65,1972,1,0,1,2513
487.0769,102,1924,1,0,0,1011
187.33333,43,1957,2,0,0,964
298.15387,45,1974,3,0,0,1955
321.02563,49,1965,1,0,0,1934
259.6923,56,1982,1,0,0,1121
455.43588,108,1955,1,1,0,1111
306.2564,40,1935,1,0,0,1132
221.89745,68,1957,1,0,0,1241
727.1795,103,1982,1,1,1,422
394.76923,73,1954,2,0,0,2526
335.89743,75,1957,2,0,0,2123
588.71796,68,1957,2,0,0,2012
687.1795,68,1995,2,0,0,711
231.33334,60,1957,1,0,1,711
300.66666,48,1965,1,0,0,1957
474.35898,52,1972,1,0,0,1957
945.8462,98,1973,3,0,0,1955
309.07693,47,1972,1,0,0,1957
320.2564,76,1929,1,0,0,624
314.20514,49,1972,1,0,0,1934
511.23077,54,1969,1,0,0,1112
536.6154,60,1972,2,0,0,1235
598.20514,68,1991,2,1,0,390
378.0513,31,1972,1,0,0,422
229.23077,47,1924,2,0,0,1242
676.56415,81,1969,2,0,0,1333
557.07697,68,1939,3,0,0,964
514.46155,46,1969,1,0,0,422
446.97433,78,1957,2,0,0,350
457.48715,87,1963,1,0,0,1123
418.9231,107,1929,2,0,0,1243
523.1795,78,1961,1,0,0,1132
632.3077,85,1965,2,0,0,1241
345.23077,76,1987,1,0,0,952
282.56412,31,1983,1,0,0,2221
761.6923,90,1957,2,0,0,913
332.8718,55,1970,1,0,0,624
419.48718,108,1939,2,0,0,231
637.79486,90,1918,1,0,0,543
365.3846,58,1918,1,0,0,532
388.2564,70,1929,2,0,0,232
257.7436,39,1970,1,0,0,724
616.30774,63,1992,1,0,1,622
268.15387,48,1918,1,0,0,521
335.07693,70,1918,2,0,1,232
542.1538,61,1918,2,0,0,543
1459.2307,154,1994,1,0,1,1342
333.4359,118,1918,1,0,0,1375
380.76923,74,1918,2,0,0,531
342.82053,55,1934,2,0,0,1615
358.41028,55,1962,1,0,0,1404
637.2308,81,1969,1,0,0,1641
759.0769,78,1929,1,0,0,261
790.9231,92,1918,2,0,0,813
448.3077,83,1972,1,0,0,2134
271.1282,79,1929,1,0,0,2513
408.6154,84,1962,2,0,0,2524
397.1282,100,1918,2,0,0,531
434.41025,76,1954,2,0,0,113
278.82053,45,1918,2,0,0,383
1181.5898,105,1918,2,1,0,153
459.64102,52,1918,1,0,1,163
512.5641,38,1989,2,0,0,113
524.0513,60,1981,2,0,0,163
589.2308,115,1918,2,0,0,153
707.4359,114,1918,1,0,0,163
484.92307,45,1983,2,0,0,531
348.76923,79,1957,1,0,0,422
197.79488,45,1958,1,0,0,1132
167.23077,75,1978,1,0,0,1132
530.46155,79,1962,1,0,0,1133
314.46155,72,1972,1,0,0,1123
188.41025,28,1957,1,0,0,1712
542.7692,83,1937,2,0,0,1854
461.02563,84,1939,1,1,0,1714
465.89743,35,1986,1,0,0,1636
431.1282,48,1960,1,0,0,1713
612.2564,93,1941,1,0,0,734
610.8205,60,1972,1,0,0,2024
285.02563,64,1965,1,0,0,1944
310.51282,54,1975,1,0,0,2024
566.7692,58,1972,1,0,0,2421
317.48715,63,1939,1,0,0,1375
487.23074,79,1956,1,0,0,1832
277.02563,48,1960,1,0,0,1363
417.89746,65,1967,1,0,0,822
663.3846,75,1918,2,0,0,944
365.7436,38,1959,1,0,0,951
285.3846,34,1918,2,0,0,943
182.71794,40,1918,1,0,0,962
425.23077,59,1918,1,0,1,816
449.48718,65,1960,1,0,0,951
339.23077,56,1967,1,0,0,1406
839.5897,89,1983,2,0,0,413
361.02563,109,1929,2,0,0,914
348.0513,100,1939,1,0,0,522
547.02563,76,1929,1,1,0,1812
268.6667,32,1967,1,0,0,1812
818.9231,98,1955,1,0,0,927
545.8462,104,1929,3,0,0,912
656.8718,110,1918,3,0,0,925
227.07692,47,1924,1,0,0,916
998.46155,136,1918,2,0,0,412
458.51282,66,1964,1,0,0,1132
531.3846,72,1954,2,0,0,961
330.6154,90,1918,2,0,0,411
339.7436,43,1965,2,0,0,1241
315.28204,32,1957,2,0,0,1243
338.46155,35,1994,1,0,0,1924
583.2308,70,1987,1,0,0,1515
584.8205,94,1918,2,1,0,543
502.71796,60,1929,1,0,0,624
496.92307,70,1918,2,0,0,532
504.10257,87,1918,2,0,0,413
284.41025,79,1972,1,0,0,1321
396.05127,67,1985,2,0,0,1346
356.6154,36,1959,2,0,0,232
319.28204,72,1953,2,0,0,522
502.15384,68,1979,1,0,0,1611
390.35898,55,1929,1,0,0,1514
344,58,1957,1,0,0,1641
799.4872,75,1935,1,0,0,1402
418.76923,84,1918,2,0,0,532
407.69232,56,1971,1,0,0,1402
651.8461,73,1971,1,0,0,1642
569.2308,58,1984,1,0,0,1401
334.41025,38,1972,1,0,1,422
237.94872,72,1957,2,0,0,350
297.69232,69,1957,2,0,0,381
411.48718,92,1957,1,0,0,152
578.7692,78,1957,2,0,0,152
501.64102,73,1957,2,0,0,153
512.71796,87,1971,1,0,0,1012
304.10257,55,1936,1,0,0,2524
311.7436,74,1955,1,0,0,963
437.17947,92,1972,1,0,0,2514
387.1282,43,1939,2,0,0,411
423.89743,66,1918,1,0,0,261
501.9487,106,1918,2,0,0,941
465.53845,84,1962,1,0,0,951
578.359,114,1929,1,0,0,914
349.33334,79,1972,1,0,0,2514
365.53845,38,1988,1,0,0,2524
202,42,1952,1,0,0,623
218.3077,59,1918,1,0,0,623
323.1795,93,1939,1,0,0,611
478.82053,44,1939,1,0,0,623
314.0513,104,1918,1,0,0,623
370.71796,60,1957,1,0,0,624
455.79486,55,1918,1,0,0,623
571.6923,73,1961,1,0,0,611
157.74359,70,1931,1,0,0,623
255.58974,33,1972,1,0,0,723
519.79486,70,1964,2,0,0,712
344.92307,66,1965,2,0,0,611
339.84616,57,1964,2,0,0,711
239.28206,26,1962,1,0,0,2135
320.10257,35,1972,1,0,0,2131
300.97437,42,1957,1,0,0,1025
375.23077,55,1918,3,0,0,925
418,69,1965,1,0,0,1122
449.69232,88,1957,1,0,0,424
374.6154,55,1971,1,0,0,1025
397.64105,65,1960,1,0,0,1132
605.38464,78,1955,2,0,0,426
818.97437,80,1954,2,1,0,426
547.5898,108,1924,2,0,0,1243
306.2051,30,1972,2,0,0,2134
170.25641,43,1918,1,0,0,2526
209.1282,80,1929,1,0,0,2513
314,68,1918,1,0,0,1811
579.64105,90,1963,1,0,0,1811
808.3077,92,1966,1,0,0,1822
625.2821,98,1962,1,1,0,1812
517.0769,53,1983,3,0,0,1851
397.23074,59,1968,2,0,0,1852
366.30768,40,1958,1,0,0,1841
542.3077,65,1939,2,0,0,1831
591.2308,50,1990,2,0,0,1634
352.8718,43,1983,1,0,0,1646
357.28204,35,1970,1,0,0,2033
294.35898,37,1968,1,0,0,1404
487.69232,78,1968,1,0,0,1641
514.0513,117,1957,2,0,0,360
638.6154,110,1929,2,0,0,360
398.20514,48,1957,2,0,0,372
1180.5128,150,1918,2,1,0,372
291.58972,88,1929,1,0,0,822
344.0513,54,1956,1,0,0,2513
295.58975,53,1963,1,0,0,2522
440.71796,54,1967,2,0,0,2526
607.28204,73,1939,2,0,0,926
713.28204,83,1935,2,0,0,925
364.3077,38,1971,2,0,0,426
271.02563,69,1955,2,0,0,2523
322.10254,43,1956,2,0,0,1812
437.48715,52,1929,1,0,0,816
679.3333,70,1984,2,0,0,372
402.8718,93,1918,2,0,0,274
460.05127,54,1957,2,0,0,350
354.56412,88,1934,2,0,0,1372
817.2308,83,1986,2,0,1,2135
703.8974,72,1972,1,0,0,1114
278.6154,30,1973,1,0,0,2024
522.46155,72,1972,2,1,0,1333
784.7692,73,1972,2,0,0,2033
780.5128,110,1983,2,0,0,532
295.1282,33,1962,1,0,0,1122
548.3077,58,1962,1,0,0,1122
597.4872,80,1972,2,0,0,350
331.17947,71,1972,1,0,0,1132
213.23076,76,1918,2,0,0,561
279.33334,40,1962,1,0,0,2513
277.48715,30,1958,2,0,0,2525
379.58975,32,1972,1,0,0,1942
364.0513,49,1994,2,0,0,1934
533.28204,84,1970,1,0,0,1363
460.51282,55,1962,1,0,0,1406
329.79486,23,1973,1,0,0,1401
312.41025,52,1968,1,0,0,1641
514.3077,105,1918,1,0,0,252
629.38464,147,1918,1,0,0,623
659.28204,115,1929,2,0,0,913
641.5897,84,1986,1,0,0,611
475.07693,56,1973,1,0,1,711
391.28204,54,1962,2,0,0,724
189.07693,78,1939,1,0,0,611
258.2564,47,1959,1,0,0,723
351.43588,70,1957,2,0,0,1615
320.46155,55,1962,1,0,0,1406
292.15384,53,1968,1,0,0,1641
805.8462,97,1994,1,0,0,1406
415.17947,80,1963,1,0,0,1402
344.97437,60,1983,1,0,0,1644
406.2564,65,1963,2,0,0,563
448.46155,61,1954,1,0,0,1821
859.02563,75,1993,2,0,1,1407
420.20514,49,1983,2,0,0,1642
678.0513,65,1993,1,0,1,1312
444.97437,80,1973,1,0,0,2024
628.6154,52,1994,2,0,0,1653
398.71796,52,1957,2,0,0,415
346.05127,43,1955,2,0,0,414
447.43588,43,1971,2,0,0,415
462.76926,75,1957,2,0,0,415
911.2308,160,1918,2,0,0,1243
249.94872,38,1962,1,0,0,2522
407.94873,37,1959,2,0,0,350
498.35898,56,1918,2,0,0,1912
293.53848,64,1952,1,0,0,1921
482.10254,57,1986,1,0,0,2024
525.2308,80,1918,1,0,0,734
236.05127,60,1954,1,0,0,734
106.410255,30,1918,2,0,0,2025
622.10254,56,1973,2,0,0,734
556.7692,60,1983,1,0,0,1911
444.8718,70,1968,1,0,0,1942
345.33334,74,1968,1,0,0,1921
469.4359,43,1983,1,0,0,1924
544.61536,95,1964,1,0,0,1342
667.07697,54,1966,1,0,0,1541
530.61536,79,1972,2,0,0,2033
534.87177,108,1957,1,0,0,2121
372.97437,70,1929,1,0,0,1924
300.2564,32,1974,1,0,0,1921
441.23077,90,1961,1,0,0,432
201.23076,50,1918,1,0,0,611
865.38464,100,1968,3,0,0,1955
794.10254,100,1918,2,0,0,153
749.53845,98,1955,1,0,0,163
567.07697,94,1918,2,0,0,153
466.51282,68,1973,1,0,0,2221
683.8974,60,1994,1,0,0,2221
530.46155,84,1973,1,0,0,2221
414.35898,70,1971,1,1,0,2221
408.6667,75,1968,1,0,0,2221
259.89743,29,1967,1,0,0,711
521.0769,115,1918,1,0,0,624
152.35898,44,1924,1,0,0,2522
609.4872,56,1979,1,0,0,2024
416.41025,75,1957,1,0,0,623
744.35895,82,1977,2,0,0,415
195.17949,128,1918,2,0,0,414
503.1282,80,1960,1,0,0,1516
202.92308,41,1955,1,0,0,1363
274.41025,60,1939,2,0,0,541
190,54,1929,1,0,0,816
229.02565,31,1959,2,0,0,1243
495.58975,60,1918,1,0,0,822
641.53845,112,1918,2,1,0,1244
467.48715,69,1972,1,0,0,1133
378.71796,48,1953,1,0,0,1236
478.82053,136,1918,2,0,0,372
233.38461,30,1959,2,0,0,133
376.5641,80,1918,1,0,0,242
512.97437,65,1929,2,0,0,210
314.8718,75,1957,2,0,0,231
544.3077,62,1989,1,0,0,423
452.2564,51,1929,1,1,0,1833
499.7436,59,1918,1,0,1,563
204.66667,68,1957,1,0,0,1712
272.76926,47,1932,1,0,0,1812
640.5641,70,1961,1,0,0,2528
284.3077,33,1963,1,0,0,1621
522.6667,69,1967,1,0,0,1934
456.71793,58,1939,2,0,0,232
454.0513,56,1970,1,0,0,1812
439.3846,49,1918,1,0,0,1811
555.1795,117,1957,2,0,0,374
385.89743,93,1989,2,0,0,331
435.84616,58,1939,2,0,0,411
531.6923,65,1982,2,0,1,731
508.20514,67,1918,3,0,0,912
289.84616,36,1970,2,0,0,734
425.28204,51,1971,1,0,0,734
563.69226,72,1959,1,0,0,1833
306.66666,67,1962,2,0,0,1832
455.1282,38,1956,1,0,0,623
155.58974,56,1930,2,0,0,1615
303.89743,55,1918,2,0,0,242
133.38461,30,1918,2,0,0,561
632.87177,76,1918,1,0,0,543
995.4872,110,1929,2,0,0,232
280.30768,70,1918,2,0,0,372
595.38464,97,1973,1,0,0,2024
391.9487,80,1929,1,0,0,261
435.02563,60,1968,1,0,0,1112
472.97437,72,1965,1,0,0,1911
1517.9487,126,1996,2,1,0,1334
459.58975,65,1936,3,0,0,372
522.5641,75,1974,2,0,0,1533
441.23077,61,1967,1,0,0,1341
278.41028,48,1972,1,0,0,1345
616.05133,50,1989,1,0,0,1515
304.0513,28,1974,1,0,0,1512
402.35895,55,1939,1,0,0,1516
126,110,1918,2,0,0,210
746.82056,69,1997,1,0,0,1013
467.89746,83,1957,1,0,0,1025
522.0513,87,1971,1,0,0,1012
703.1282,120,1957,2,0,0,412
278.10257,50,1963,1,0,0,1122
276.15384,46,1957,2,0,0,413
362.05127,54,1957,1,0,0,1241
305.1282,40,1971,1,0,0,1012
597.28204,86,1972,2,0,0,425
367.1282,40,1964,1,0,0,424
250.3077,55,1939,2,0,1,425
218.46153,50,1957,2,0,0,350
504.71796,72,1959,1,0,0,422
237.07692,20,1967,1,0,0,822
54.923077,32,1961,1,0,0,2524
383.28207,84,1972,2,0,0,2522
1075.9487,114,1931,2,1,1,1853
751.9487,90,1971,1,0,0,1723
845.4872,71,1994,2,0,0,1651
595.89746,109,1918,2,0,0,151
305.9487,60,1929,2,0,0,383
282.10254,62,1918,1,0,0,2526
284.82053,49,1957,1,0,0,522
350.76923,64,1957,1,0,0,2523
515.6923,72,1965,1,1,0,2221
512.61536,74,1971,2,0,0,2529
376.97433,62,1994,1,0,0,2132
383.02567,44,1970,1,0,0,2134
289.64102,35,1966,2,0,0,2526
443.28207,73,1918,1,0,1,2131
314.66666,63,1939,2,0,0,2135
435.7436,68,1972,2,0,0,2135
595.4359,75,1918,2,0,0,2134
562.61536,60,1957,2,0,0,360
299.48718,25,1957,2,1,0,372
1135.8461,115,1968,3,1,0,925
256.41025,54,1950,2,0,0,926
551.3333,66,1957,1,0,0,2526
270.6154,52,1960,2,0,0,133
494.10257,50,1929,2,0,0,210
311.48718,64,1957,2,0,0,321
647.5898,78,1984,2,0,0,321
324.41025,30,1957,2,0,0,372
202.25641,36,1972,1,0,0,1342
774.2564,67,1993,1,0,1,1312
575.89746,62,1984,1,0,0,1712
467.58975,50,1982,2,0,0,1634
111.23077,63,1938,1,0,0,1622
481.3333,79,1968,1,0,0,1641
515.3334,60,1983,1,0,0,1611
444.56412,79,1918,2,0,0,1262
559.4359,130,1957,1,1,0,282
173.17949,43,1918,2,0,0,813
587.12823,87,1957,2,0,0,412
284.92307,60,1918,1,0,0,623
355.58975,87,1918,2,0,0,541
445.9487,84,1968,1,0,0,1342
399.7436,63,1994,1,0,0,1321
671.641,140,1918,2,0,0,521
497.48715,75,1957,2,0,0,372
173.1282,73,1953,2,0,0,360
368.51282,70,1957,2,0,0,360
601.1282,64,1960,2,0,0,943
446.15384,44,1973,1,0,0,711
430.41025,56,1918,2,0,0,423
442.9231,150,1954,2,0,0,381
445.53845,133,1918,2,1,0,152
697.28204,60,1918,2,0,0,413
495.28204,65,1960,2,0,0,411
269.33334,33,1994,1,0,0,2211
417.3333,84,1957,1,0,0,1371
440.30768,78,1929,1,0,0,1011
373.1282,98,1924,1,0,0,816
322.51285,49,1972,1,0,0,1934
823.94867,110,1979,1,0,0,1957
616.1026,52,1983,2,0,0,1927
815.7436,63,1991,1,0,0,623
593.79486,75,1957,1,0,0,822
151.07692,70,1957,2,0,0,350
398.41028,60,1957,2,0,0,350
605.7436,70,1929,1,0,0,822
365.33334,70,1918,1,0,0,252
691.2308,80,1957,2,0,0,1241
236.76924,58,1959,2,0,0,1242
462.2051,84,1957,1,0,0,1312
306.46152,88,1957,2,0,0,1242
673.641,90,1918,1,0,0,914
452.97437,84,1965,1,0,1,1635
476.71793,59,1984,1,0,0,1634
360.30768,53,1937,2,0,0,1243
348.8718,64,1960,1,0,0,1402
372.30768,58,1963,1,0,0,1025
443.69232,40,1957,1,0,0,1022
658.6667,79,1972,1,1,0,2322
381.17947,60,1937,1,0,0,2524
137.17949,36,1938,1,0,0,2222
500.92307,55,1971,2,0,0,1654
584.4102,58,1993,2,0,0,1853
396.2051,43,1983,1,0,0,1641
915.64105,92,1989,1,0,0,1313
414.97437,57,1972,1,1,0,1345
423.02567,75,1967,1,0,0,1342
506.66666,50,1969,1,0,0,1406
357.69232,70,1965,1,0,0,1833
375.3846,73,1994,1,0,0,2528
497.1282,61,1961,3,0,0,925
601.3333,105,1918,2,0,0,531
384.82053,65,1954,2,0,0,1372
544.5641,76,1955,1,0,0,1371
950.97437,87,1918,2,1,0,122
438.3077,105,1957,2,0,0,210
972.0513,86,1995,2,1,0,926
216.05127,52,1918,1,0,0,816
387.3846,44,1995,2,0,0,711
312.05127,33,1959,1,0,0,1822
175.64102,20,1956,1,0,0,1812
489.69232,50,1962,1,0,0,1712
430.92307,75,1968,2,0,0,922
380.6154,55,1957,2,0,0,943
451.53845,96,1969,2,0,0,951
137.02565,61,1929,1,0,0,1402
524.46155,84,1918,1,0,0,543
448.41028,47,1984,1,0,0,714
467.89746,61,1991,1,0,0,713
1216.718,110,1992,1,1,0,624
578.359,106,1970,1,1,0,713
258.41025,30,1971,1,0,0,713
244.46155,57,1924,1,0,0,713
421.79486,49,1950,1,0,0,612
329.69232,34,1972,2,0,0,1541
650.5641,80,1966,1,0,0,1345
644.8205,60,1991,2,0,0,1543
795.0257,78,1995,2,0,0,1544
426.8718,79,1972,1,0,0,1345
573.3333,64,1977,2,0,0,1931
555.4872,78,1973,2,0,0,1952
207.4359,32,1964,1,0,0,1833
376.2051,70,1968,1,0,0,1942
376.6154,58,1972,1,0,0,424
225.4359,32,1965,1,0,0,424
474.97437,53,1931,1,1,0,1236
283.1795,67,1939,2,0,0,1242
842.20514,104,1984,2,0,0,1235
408.8718,55,1918,1,0,0,1281
380.8205,63,1956,2,0,0,425
482.6154,35,1973,1,0,0,1133
237.74359,26,1973,2,0,0,734
439.33334,70,1963,1,0,0,1133
319.7436,58,1994,1,0,0,1213
292.56412,62,1960,1,0,0,1132
434.46155,59,1972,1,0,0,814
501.89743,53,1983,1,0,0,822
508.41028,68,1961,1,0,0,1133
495.53845,71,1967,1,0,0,1123
218.5641,23,1970,1,0,0,1123
577.1795,69,1975,1,0,0,1131
223.33333,47,1924,2,0,0,2135
529.4359,58,1985,1,0,1,2131
549.1795,139,1929,1,0,0,812
405.58975,57,1957,1,0,1,822
178.97437,69,1918,1,0,0,814
510,62,1974,2,0,0,1545
341.84613,34,1993,1,0,0,1541
446.97433,35,1979,1,0,0,1401
234.25641,27,1956,1,0,0,1363
494.20514,76,1965,1,0,0,713
273.69232,58,1964,1,0,0,713
449.28204,59,1984,1,0,0,1013
461.48718,77,1918,2,0,0,532
518.3077,60,1918,2,0,0,543
212.71794,48,1918,2,0,0,531
148.25641,56,1929,1,0,0,551
373.84616,88,1918,2,0,0,413
462,50,1961,2,0,0,411
530.4103,98,1972,2,0,0,426
406.76923,68,1957,2,0,0,412
336.41025,52,1971,1,0,0,734
355.84616,70,1962,1,0,0,1635
518.61536,71,1962,1,0,0,1133
301.64102,57,1939,1,0,0,1015
465.07693,83,1929,2,0,0,350
372.6667,40,1952,2,1,0,413
551.8461,73,1959,1,0,0,321
606.7692,113,1918,2,0,0,162
1161.3334,160,1918,2,1,0,153
385.1282,57,1957,2,0,0,153
231.07692,71,1956,3,0,0,163
299.1795,35,1939,2,0,0,372
700.97437,76,1989,1,0,0,1321
318.6154,40,1970,2,0,0,2022
424.0513,51,1973,2,0,0,2022
572.10254,94,1973,1,0,0,2024
352.15384,56,1961,1,0,0,713
693.3333,123,1929,2,0,0,913
292.15384,120,1918,2,0,0,210
456.35898,83,1954,1,0,0,1371
360.8205,52,1961,2,0,0,531
338.6667,64,1959,2,0,0,541
558.8205,56,1990,3,1,0,1954
210.92307,66,1918,2,0,0,411
306.76923,30,1971,2,0,0,411
468.2564,49,1964,1,0,0,1025
259.84616,97,1971,2,0,0,2515
56.666668,40,1918,2,0,0,210
449.64102,71,1962,1,0,0,711
534.7179,58,1968,1,0,1,2515
448,68,1959,1,0,0,623
243.02563,45,1918,2,0,0,914
367.69232,65,1966,2,0,0,711
359.33334,44,1972,1,0,0,252
349.3846,40,1972,1,0,0,712
522.61536,96,1991,2,0,0,1541
388.15387,53,1974,2,0,0,1541
269.48718,59,1942,1,0,0,1375
717.9487,78,1929,2,0,0,541
381.9487,35,1957,2,0,0,1531
658.46155,67,1984,2,0,0,531
578.1026,66,1979,2,0,0,231
574.2051,71,1983,2,0,0,1408
367.84616,82,1941,1,0,0,734
286.30768,34,1974,1,0,0,1912
802.35895,89,1984,1,0,1,714
310.35898,88,1957,1,1,0,2121
351.64102,47,1964,1,0,0,2011
756,72,1918,2,0,1,961
521.4359,70,1994,1,0,0,2512
435.33334,71,1967,1,0,0,2221
347.53848,72,1970,1,0,0,2011
331.1282,64,1963,1,0,0,1406
216.97437,63,1924,1,0,0,734
414.6154,47,1986,1,0,0,2024
329.58975,42,1973,1,0,0,2024
372,68,1972,1,0,0,2234
394.3077,35,1957,1,0,0,563
293.64102,77,1918,2,0,0,531
378.41028,59,1964,2,0,0,543
414.76923,99,1918,2,0,0,543
581.8461,64,1971,2,0,0,413
367.53848,59,1957,2,0,0,350
281.64102,26,1953,2,0,0,360
509.1282,79,1957,2,0,0,413
270.41025,39,1957,2,0,0,413
649.1795,62,1957,2,0,0,413
493.84616,59,1956,1,0,0,424
609.38464,62,1983,2,0,0,425
311.6923,59,1955,1,0,0,1122
615.5898,68,1960,1,0,0,1013
270.92307,79,1971,1,0,0,1012
587.5898,74,1971,1,0,0,1012
626.1539,82,1963,1,0,0,1013
415.84616,83,1918,1,0,0,532
865.64105,103,1918,2,1,0,531
601.1795,69,1970,1,1,0,1363
808.7692,80,1982,2,0,0,1532
307.48715,38,1983,1,0,0,1375
244.10257,28,1960,2,0,0,922
750.7692,70,1918,2,0,1,532
860.71796,100,1918,1,0,0,532
297.3846,79,1957,1,0,0,1013
248.5641,72,1974,1,0,0,1015
320.46155,64,1964,1,0,0,1026
506.8205,72,1957,1,0,0,713
394.71796,37,1971,1,0,0,1012
273.94873,28,1969,1,0,0,1112
507.64105,131,1918,2,0,0,1372
147.74359,40,1918,2,0,0,541
612.92303,70,1995,1,0,0,2234
306.30768,39,1957,2,0,0,412
398.46155,35,1971,1,0,0,432
178.41025,36,1957,2,0,0,413
576.20514,79,1994,1,0,0,1112
654.10254,70,1957,2,0,0,113
859.5897,104,1961,1,0,0,521
362.2051,68,1957,2,0,0,383
276.35898,39,1962,2,0,0,2526
296.41025,46,1970,1,0,0,724
467.23074,69,1965,1,0,0,2514
420.76923,84,1973,1,1,0,2515
372.6154,50,1960,2,0,0,2524
346.97433,32,1972,2,0,0,2525
295.17947,27,1957,1,0,0,2513
709.8461,110,1929,3,0,0,912
525.89746,43,1975,2,1,0,372
274.82053,64,1918,2,0,0,152
541.9487,71,1968,1,0,0,1641
363.3846,39,1918,2,0,0,360
522.2564,48,1983,1,0,0,1821
619.79486,75,1957,2,0,0,1853
370.51282,32,1965,3,0,0,1854
547.28204,69,1955,1,0,0,1712
1060.5642,120,1918,2,1,0,152
380.15384,63,1957,1,0,0,624
345.07693,90,1918,2,0,0,350
463.28207,62,1957,2,0,0,372
522.0513,52,1939,1,0,0,816
349.94873,33,1972,2,0,0,425
647.5898,87,1957,2,0,0,350
311.0769,24,1960,2,0,0,321
495.28204,52,1960,2,0,0,563
323.58975,28,1991,1,0,0,1617
984.5128,82,1984,2,0,0,1334
235.94872,33,1957,1,0,0,1641
365.9487,65,1964,1,0,0,552
349.1282,70,1957,1,0,0,1025
384.46155,60,1958,1,0,0,712
425.02563,60,1957,2,0,0,563
670.71796,65,1983,1,0,0,1912
366.66666,75,1918,2,0,0,531
375.07693,33,1967,1,0,0,1361
335.33334,48,1977,2,0,0,561
912.20514,107,1994,1,0,0,1406
343.53848,34,1957,1,0,0,915
289.33334,73,1962,1,0,0,1712
308.76923,34,1968,1,0,0,927
532.46155,70,1957,1,0,0,1312
339.02563,30,1918,2,0,0,541
484.41025,66,1951,1,0,0,1855
505.89743,42,1991,1,0,0,623
546.5128,90,1918,2,0,0,543
605.2821,102,1970,1,0,0,2033
370,85,1929,2,0,0,1243
427.43588,70,1963,1,0,0,1133
408.3077,66,1963,1,0,0,421
591.641,65,1929,1,0,0,1122
438.41028,83,1972,2,0,0,913
268.3077,80,1918,2,0,0,232
316.30768,33,1972,1,0,0,1321
425.58975,60,1968,1,0,0,1342
403.64102,40,1995,1,0,1,2314
660.9231,84,1983,2,0,0,2523
327.43588,83,1994,1,0,0,2514
458.56412,105,1961,1,0,0,1402
468,65,1957,2,0,0,372
738.46155,68,1959,2,0,0,220
262.30768,43,1994,2,0,0,125
331.53845,39,1957,2,0,0,321
422.8718,35,1994,2,0,0,321
333.89743,106,1924,1,0,0,816
522.61536,110,1918,2,0,0,941
520.9231,54,1990,2,0,0,942
280.6154,51,1972,1,0,0,711
651.1282,64,1981,2,0,0,711
233.74358,42,1957,1,0,0,282
762.20514,120,1918,2,0,0,273
160.35898,42,1938,1,0,0,1921
270.92307,37,1967,1,0,0,711
217.6923,49,1957,2,0,0,943
520,66,1968,2,0,0,1853
1188,104,1983,3,1,1,1855
467.84616,69,1959,1,0,0,1833
313.94873,28,1965,1,0,0,1957
529.2308,55,1968,2,0,0,917
248.61537,64,1957,1,0,0,623
369.64102,46,1918,2,0,0,321
427.53848,60,1957,2,0,0,372
403.64102,65,1963,1,0,0,1013
311.1282,35,1972,1,0,0,623
211.58975,65,1957,1,0,0,1832
372.97437,44,1972,2,0,0,1333
684.6666,94,1981,1,0,0,1361
350.66666,27,1983,1,0,0,1831
383.3846,52,1958,1,0,0,1714
553.7436,73,1918,1,0,0,563
254.3077,38,1988,1,0,0,2524
61.53846,148,1918,2,0,0,152
740.0513,100,1970,3,0,0,1854
91.02564,44,1955,1,0,0,1712
318.46155,49,1957,2,0,0,232
361.1282,60,1957,2,0,0,231
307.7949,62,1972,2,0,0,220
806.82056,90,1961,1,0,0,1402
1067.1282,124,1979,1,0,0,1371
368.0513,65,1967,1,0,0,2522
496.71793,123,1929,1,0,0,816
419.69232,68,1963,2,0,0,2033
244,70,1956,2,0,0,2524
664.3077,80,1968,1,0,0,1641
450.05127,84,1967,1,0,0,2221
652.10254,84,1929,2,0,0,350
397.69232,39,1960,1,0,0,422
229.02565,37,1954,1,0,0,2442
537.1795,76,1957,2,0,0,411
662.35895,75,1955,2,0,0,411
443.23077,57,1981,1,0,0,1012
295.9487,58,1956,1,0,0,1122
566.9231,49,1991,1,0,0,2424
617.02563,62,1957,2,0,0,350
469.28204,37,1957,1,0,0,323
228.5641,35,1956,1,0,0,712
701.641,54,1991,1,0,0,723
486.8718,50,1984,2,0,0,321
293.23077,30,1939,1,0,0,332
528.71796,71,1929,1,0,0,816
347.3846,48,1939,1,0,0,822
440.10257,60,1991,2,1,0,284
476.97433,99,1918,1,0,0,252
401.17947,76,1929,1,0,0,251
857.79486,88,1991,1,0,1,281
671.641,118,1918,1,0,0,623
325.28204,37,1953,2,0,0,360
344.56412,35,1972,2,0,0,411
183.23076,54,1960,1,0,0,1013
402.2564,67,1972,1,0,0,422
288.9231,42,1963,2,0,0,543
359.33334,54,1983,1,0,0,1822
231.84616,30,1929,1,0,0,1811
619.9487,115,1991,1,0,1,1313
550.8205,54,1918,2,0,0,942
466.10257,57,1963,1,0,0,2514
543.69226,107,1957,2,0,0,372
595.64105,40,1991,2,0,0,930
299.3846,34,1929,1,0,0,813
287.02563,39,1958,1,0,0,963
675.64105,68,1961,1,0,0,1134
423.94873,59,1954,1,0,0,1132
354.20514,65,1939,2,0,0,232
187.38461,35,1957,2,0,0,413
367.3333,36,1972,2,0,0,431
282.71796,76,1929,1,0,0,2513
423.58975,50,1939,1,0,0,2222
585.07697,98,1996,1,0,0,2142
937.79486,105,1980,1,0,0,2146
420,95,1957,1,0,0,563
602.97437,90,1918,2,0,0,532
578.71796,72,1963,2,0,0,210
248.66666,29,1969,2,0,0,1263
523.53845,75,1975,2,0,0,2148
383.94873,54,1969,1,0,0,1912
415.7436,35,1970,1,0,0,1122
492.10254,57,1959,2,0,0,360
226.76924,59,1918,2,0,0,543
177.33333,88,1918,2,0,0,543
639.89746,79,1957,1,0,0,1641
449.89743,92,1918,1,0,0,543
415.33334,54,1972,1,0,0,1132
435.53845,85,1972,1,0,0,1133
274.51282,50,1970,1,1,0,1123
768.97437,86,1994,1,0,0,1711
436.30768,46,1991,1,0,0,1313
505.17947,68,1972,1,0,0,1014
425.23077,45,1996,1,0,0,1013
133.33333,39,1986,1,0,1,1014
319.53845,29,1971,2,0,0,2522
506.30768,56,1996,1,0,0,2142
287.64105,35,1968,1,0,0,2221
373.84616,67,1965,1,0,0,1957
521.3333,51,1961,1,0,0,1132
353.7949,50,1918,2,0,0,411
541.28204,78,1957,2,0,0,415
205.28204,36,1939,1,0,0,2524
346.10257,50,1918,1,0,0,914
319.3846,67,1939,1,0,0,2525
700.35895,80,1958,1,0,0,1723
384.10257,73,1957,2,0,0,961
518.5641,53,1988,1,0,0,1841
320,51,1962,1,1,0,1123
165.07692,42,1958,2,0,0,413
303.69232,73,1929,1,0,0,822
487.69232,38,1967,1,0,0,816
393.33334,70,1959,1,0,0,1714
246.76924,30,1983,1,0,0,1912
245.23077,56,1918,1,0,0,323
243.79488,34,1962,1,0,0,421
371.28204,76,1918,1,0,0,623
549.5897,74,1985,1,0,0,252
728.8205,78,1954,1,0,0,331
376.5641,97,1957,2,0,0,333
339.48718,53,1960,2,0,0,333
630.9231,56,1918,1,0,0,816
391.17947,73,1918,1,0,0,822
300.71796,87,1918,2,0,0,372
381.79486,50,1958,2,0,0,333
741.28204,109,1929,1,0,0,282
190.97435,70,1918,1,0,0,822
545.2821,70,1957,1,0,0,822
351.64102,37,1957,2,0,0,321
208.41025,31,1957,1,0,0,272
918.4103,86,1991,2,0,0,542
589.79486,72,1954,2,0,0,1543
384.92307,63,1961,1,0,0,1926
533.641,68,1965,1,0,0,1957
541.7436,74,1983,1,0,0,1942
272.35895,23,1961,1,0,0,1831
121.64102,59,1929,1,0,0,1832
260.41025,33,1963,1,0,0,1711
303.69232,63,1938,1,0,0,1713
537.6923,78,1971,1,0,0,1713
402.10254,58,1970,1,0,0,822
388.51282,78,1918,1,0,0,822
758.5128,98,1959,2,0,0,1545
262.56412,32,1952,2,0,0,1543
261.28204,72,1982,1,0,0,1401
366.51282,70,1972,2,0,0,1613
469.89743,47,1981,2,0,0,563
392.51285,73,1968,2,0,0,414
353.07693,30,1972,2,0,0,414
389.28204,79,1957,2,0,0,414
368.56412,54,1972,2,0,0,414
1158.2565,100,1989,2,1,0,415
402.56412,67,1929,2,0,0,350
655.3334,74,1957,2,0,0,350
600.0513,73,1977,1,0,0,1911
387.0769,27,1972,2,0,0,563
384.76923,56,1964,1,0,0,1404
386,48,1957,1,0,0,1363
800.7692,65,1918,3,0,1,2112
885.6923,132,1929,2,0,0,1243
445.33334,48,1950,2,0,0,1343
325.23077,49,1972,1,0,0,1957
788.7692,103,1968,2,0,0,1958
319.02563,97,1918,1,0,0,816
291.9487,32,1971,1,0,0,1713
566.6154,64,1984,2,0,0,350
391.84613,64,1972,1,0,0,2421
211.84616,26,1962,1,0,0,1013
267.89746,64,1971,1,0,0,1013
1175.3333,89,1983,1,0,0,252
594.1538,70,1959,1,0,0,282
265.28204,28,1958,1,0,0,811
321.84613,38,1956,1,0,0,1027
487.53848,52,1986,2,0,0,964
378.3077,29,1996,1,0,0,1612
512.71796,66,1983,1,0,1,1312
583.4872,95,1955,2,0,0,1262
409.3846,66,1972,1,0,0,1321
190.71794,70,1918,2,0,0,531
787.4359,100,1939,2,0,0,411
338.0513,78,1918,1,0,0,623
494.8718,88,1972,1,0,0,1406
380.46155,35,1984,1,0,0,1615
261.48718,33,1962,1,0,0,1241
960.20514,95,1918,2,0,0,413
696.4103,70,1957,2,0,1,162
680.3077,94,1979,1,0,0,1957
519.28204,47,1990,2,0,0,964
384.15384,81,1973,1,0,0,2024
342.82053,78,1968,1,0,0,1942
571.8461,58,1980,1,0,0,1914
621.79486,70,1968,1,0,0,711
525.4359,52,1968,1,0,0,1912
436.92307,58,1963,1,0,0,422
392.56412,43,1981,1,0,0,1013
369.79486,41,1970,1,0,0,1375
463.64102,58,1972,1,0,0,1402
480.30768,75,1960,2,0,0,532
498.97437,54,1983,2,0,0,1372
273.53848,42,1956,1,0,0,1363
122.82051,60,1939,1,0,0,1402
1843.3846,145,1918,2,0,0,232
440.46155,86,1954,1,0,0,1363
670.7692,100,1918,2,0,0,231
670.20514,54,1993,1,0,0,2114
754.61536,76,1991,2,1,0,1653
313.28207,30,1983,2,0,0,961
280.05127,39,1918,2,0,0,531
360.71796,72,1957,2,0,0,413
367.58975,74,1957,2,0,0,411
527.28204,86,1966,1,0,0,2221
498.51282,61,1983,1,0,0,2221
372.8718,60,1972,1,0,0,713
534.5641,69,1972,1,0,0,711
455.33334,100,1957,2,0,0,531
248.25641,62,1918,1,0,0,624
360.46155,64,1957,1,0,0,623
446.8718,77,1918,1,0,0,623
474.2564,76,1968,1,0,0,1641
452.35895,80,1969,1,0,0,1642
229.64102,27,1960,2,0,0,951
463.3846,110,1918,2,1,0,941
303.53848,73,1964,1,0,0,1123
267.43588,67,1957,2,0,0,321
55.230766,44,1936,2,0,0,712
562.3077,100,1918,1,0,0,273
416.8718,68,1954,1,0,0,963
312.46152,62,1972,2,0,0,964
638.3077,81,1970,1,0,0,1833
330,54,1960,1,0,0,1811
275.64102,30,1970,1,0,0,1013
953.8461,91,1985,2,0,0,926
312.15384,79,1918,1,0,0,542
453.53848,56,1970,1,0,0,1851
353.94873,37,1972,1,0,0,1124
541.1795,70,1989,2,0,0,1957
143.74358,40,1983,2,0,0,916
452.05127,65,1918,1,0,0,623
533.1282,60,1939,2,0,0,413
487.58975,68,1957,2,0,0,350
421.3333,77,1957,2,0,0,350
641.1282,81,1957,2,0,0,350
785.4359,96,1918,2,0,0,350
1021.3846,120,1924,2,0,0,512
261.1282,42,1973,1,0,0,2024
360.46155,43,1964,1,0,0,1714
217.4359,57,1918,1,0,0,552
419.64102,102,1918,1,0,0,1832
238,58,1969,1,0,0,1617
260.46155,50,1957,2,0,0,1852
296.8205,49,1969,1,0,0,1712
417.02563,81,1970,1,0,0,1723
334.51282,28,1972,2,0,0,1723
1169.5897,104,1990,2,1,0,1842
597.12823,67,1918,2,0,0,210
462.56412,65,1918,2,0,0,543
740.7692,70,1985,3,0,0,1955
589.79486,73,1934,2,0,0,1853
448.0513,82,1953,1,0,0,1721
673.69226,84,1957,2,0,0,360
269.79486,45,1933,1,0,0,1641
301.23077,60,1929,2,0,0,425
527.3334,67,1957,2,0,0,411
604.4615,74,1960,1,0,0,1822
251.84616,45,1984,1,0,1,1713
849.79486,84,1965,1,1,0,2221
811.53845,100,1954,2,0,0,426
776.359,100,1918,2,0,0,1263
498.82053,98,1929,2,0,0,1243
565.07697,56,1992,1,0,1,622
211.02563,50,1954,2,0,0,1242
528.2564,62,1957,1,0,0,1912
720.3077,64,1918,3,0,0,911
367.02563,53,1972,1,0,0,1913
655.7436,80,1918,2,0,0,914
468.15387,69,1961,1,0,0,1013
501.89743,86,1957,1,0,0,2514
368.3077,35,1971,2,0,0,916
297.7436,61,1939,1,0,0,916
578.4103,80,1976,2,0,0,1408
361.89743,40,1929,1,0,0,816
568.6154,62,1929,1,0,1,816
334.10257,65,1918,2,0,0,321
237.07692,48,1957,1,0,0,1912
357.3846,75,1957,2,0,0,372
478.15387,60,1957,1,0,0,962
396.2051,92,1957,2,0,0,210
594,62,1957,2,0,0,411
368.0513,84,1974,1,0,0,1402
324.92307,62,1939,2,0,0,350
204.05128,144,1918,1,0,0,1711
471.7436,45,1984,2,0,0,162
290.5641,53,1963,2,0,0,561
309.58975,60,1918,1,0,0,623
292.46152,65,1957,2,0,0,426
460.30768,76,1929,2,0,0,360
454.2564,65,1929,2,0,0,372
168.8718,45,1918,2,0,0,531
286.10257,45,1960,2,0,0,1613
814.87177,100,1960,2,0,0,113
556.20514,67,1960,2,0,0,1241
304.20514,52,1960,1,0,0,2131
358.97437,85,1918,2,0,0,563
897.7436,94,1972,1,0,0,322
458.76923,58,1959,1,0,0,1833
191.4359,30,1958,1,0,0,1712
533.2308,92,1918,2,1,0,372
302.2564,70,1951,1,0,0,734
451.58972,70,1918,2,0,0,541
932,95,1984,3,1,0,1955
338.6667,42,1958,1,0,0,1841
718.7692,90,1959,1,0,0,1833
509.1795,46,1985,1,0,0,1934
612.10254,70,1967,1,0,0,612
552.46155,56,1973,2,0,0,241
269.23077,55,1983,1,0,0,1345
269.33334,30,1972,2,0,0,942
348,56,1962,1,0,0,2514
541.28204,70,1957,1,0,0,711
796.1026,92,1918,1,0,0,822
342.9231,53,1939,2,0,0,543
405.64102,52,1959,1,0,0,1833
741.4872,65,1985,1,0,1,1841
669.1795,62,1967,1,0,0,1713
366.46152,68,1970,2,0,0,1933
361.58972,45,1937,1,0,0,1622
472.8718,62,1957,1,0,0,623
306.92307,52,1958,1,0,0,713
257.02563,45,1956,1,0,0,713
572.7692,66,1991,1,0,1,1313
357.89746,87,1929,2,0,0,350
542.6666,58,1957,2,0,0,153
498.71796,84,1958,1,0,0,422
668.1026,98,1988,2,0,0,1934
667.38464,70,1995,1,0,0,2424
554.35895,83,1968,1,0,0,1942
478.46155,99,1968,1,0,0,1942
349.64102,70,1970,1,0,0,1406
754.0513,73,1992,1,0,0,1406
1072.3077,112,1918,2,0,1,360
405.9487,58,1918,1,0,0,814
428.3077,52,1957,2,1,0,372
367.28204,35,1957,1,0,0,1711
382.51285,51,1969,1,0,0,1711
308.35898,30,1969,1,0,0,1621
444.2564,60,1961,1,0,0,1712
390.2564,73,1918,1,0,0,1711
350.05127,66,1952,2,0,0,1372
246.61539,59,1918,2,0,0,153
345.1282,62,1962,1,0,0,713
354.76923,31,1965,1,0,0,1944
388.2564,77,1957,2,0,0,372
271.17947,67,1939,2,0,0,425
385.9487,57,1959,2,0,0,232
591.4359,88,1957,1,0,0,2221
517.12823,79,1960,1,0,0,612
308.51282,65,1918,2,0,0,220
384.46155,102,1918,1,0,0,552
242.5641,64,1929,1,0,0,915
278.82053,35,1974,1,0,0,915
518.4103,80,1970,1,0,0,1375
412.2051,65,1971,1,0,0,1713
543.2308,64,1972,1,0,0,1404
336.05127,41,1972,1,0,0,1406
320.35898,40,1957,1,0,0,2135
401.23077,56,1958,2,0,0,341
544.1538,80,1918,2,0,0,944
391.28204,64,1918,1,0,0,962
564.2051,110,1918,1,0,0,564
531.28204,96,1983,1,1,0,963
343.7436,62,1918,2,0,0,521
446.30768,70,1924,2,0,0,531
529.2308,100,1970,2,1,0,522
848.7692,96,1991,1,1,0,1635
325.89743,44,1963,2,0,0,231
132.76923,33,1960,1,0,0,951
266.2564,60,1952,2,0,0,413
406.51282,32,1957,2,0,0,350
274.41025,68,1918,1,0,0,563
1133.1283,106,1977,2,0,0,284
295.3846,47,1929,1,0,0,522
704.7179,78,1981,1,1,0,563
347.7949,60,1961,1,0,0,432
560.9231,85,1964,1,0,0,1133
487.3333,72,1958,1,0,0,1375
839.12823,105,1980,1,1,0,1313
768.71796,70,1983,1,0,0,1721
319.89743,38,1971,1,0,0,1912
413.94873,40,1929,2,0,0,512
218.05128,28,1957,1,0,0,1833
512.97437,56,1972,1,0,0,1617
410.05127,35,1976,1,0,0,565
366.6154,70,1962,2,0,0,1935
721.2308,106,1953,1,0,0,1721
396,33,1972,2,0,0,942
719.9487,100,1983,2,0,0,1951
240.25641,28,1939,1,0,0,2414
200.05128,65,1957,2,0,0,923
443.3846,59,1918,2,0,0,914
271.89743,54,1937,1,0,0,732
252.71794,34,1957,1,0,0,424
505.64102,55,1984,2,0,0,1842
461.84613,81,1929,2,0,0,914
525.8462,76,1966,1,0,0,1712
247.94872,69,1939,1,0,0,522
686.2564,60,1991,1,1,0,1721
602.35895,83,1918,2,0,0,113
242.71794,31,1970,2,0,0,220
674.7692,60,1991,2,0,0,331
431.17947,79,1962,1,0,0,1821
339.02563,76,1929,1,0,0,623
224.92308,52,1929,1,0,0,611
315.43588,37,1965,1,0,0,1123
945.3334,87,1991,1,0,0,542
1008.3077,110,1929,2,0,0,914
473.7949,80,1969,1,0,0,1642
372.51285,33,1991,2,0,0,1634
497.3333,77,1918,1,0,0,251
534.1538,71,1969,2,0,0,2526
359.4359,65,1957,1,0,0,2325
489.79486,63,1971,1,0,0,2325
465.33334,65,1962,2,0,0,1951
312.76926,87,1989,3,0,1,1952
770.71796,80,1983,3,0,0,1954
402.6667,43,1918,1,0,0,1811
533.53845,79,1975,2,1,0,563
239.02565,48,1918,2,0,0,913
574.0513,61,1972,1,0,0,1934
672.71796,64,1991,2,0,0,1931
488.97437,90,1918,2,0,0,414
529.6923,76,1937,2,0,0,1241
229.53847,57,1918,2,0,0,242
240.8718,36,1972,1,0,0,962
635.4872,93,1957,2,0,0,412
450.51282,90,1955,2,0,0,426
426.46152,79,1957,1,0,0,963
421.3333,92,1955,1,1,0,1112
304.82053,80,1955,1,0,0,1111
312.56412,80,1918,1,0,0,814
607.79486,70,1918,1,0,0,822
283.94873,59,1938,1,0,0,1714
292.15384,55,1955,1,0,0,424
232.20512,41,1951,2,0,0,1244
309.84616,56,1954,2,0,0,413
655.5898,70,1972,1,0,0,1712
518.1539,88,1959,1,0,0,1713
556.71796,86,1970,1,0,0,713
477.43588,57,1957,2,0,0,531
540.8205,68,1981,2,0,0,373
336.97433,28,1957,1,0,0,321
294.10257,56,1924,1,0,0,1812
745.7949,96,1940,2,0,0,1375
503.1795,65,1983,1,0,0,1646
498.82053,76,1983,2,0,0,1543
604.3077,73,1969,1,0,0,1515
590.7692,66,1967,1,0,0,1361
382.30768,46,1957,1,0,0,1312
468.56412,54,1957,2,0,0,563
428,76,1957,2,0,0,411
342.71796,68,1961,1,0,0,1013
570.5128,78,1962,1,0,0,432
243.48717,36,1961,1,0,0,432
366.92307,61,1957,2,0,0,413
626.1539,79,1963,1,0,1,422
160.35898,34,1957,2,0,0,350
177.89743,32,1960,2,1,0,360
479.4359,68,1973,1,0,0,2147
462.6154,140,1939,2,1,0,415
478.9231,54,1983,1,0,0,2113
347.94873,80,1960,1,0,0,522
746.30774,73,1981,2,0,1,923
540.7692,50,1993,1,0,0,2131
524.4102,51,1989,1,0,0,252
270.10257,35,1972,1,0,0,261
252.61539,66,1929,2,0,0,813
763.43585,96,1970,2,0,0,2144
470.5641,98,1918,1,0,0,1711
547.8462,64,1924,2,0,0,413
346.8718,52,1974,1,0,0,1402
327.43588,72,1968,2,0,0,2221
396.92307,60,1965,1,0,0,1404
541.3846,47,1971,1,0,0,1617
419.79486,78,1967,1,0,0,1957
528.7692,55,1967,1,0,0,1912
318.56412,72,1918,3,0,1,1952
476.35898,68,1918,1,0,0,1811
216.3077,32,1918,1,0,0,1812
570.87177,57,1958,1,0,0,563
884.2051,87,1918,1,0,0,565
505.43588,78,1918,1,0,0,1811
653.69226,78,1982,1,0,0,813
398.8718,65,1957,1,0,0,563
347.3333,42,1939,2,0,0,210
384.51282,52,1966,2,0,0,113
426.92307,61,1957,2,0,0,372
578.6154,75,1958,2,0,0,371
363.48718,63,1957,2,0,0,321
538.5641,103,1949,1,0,0,323
510.8718,70,1957,2,0,0,350
704.0513,75,1957,2,0,0,350
652.61536,68,1983,2,0,0,1242
366.05127,43,1939,1,0,0,1401
382.76926,28,1962,1,0,0,927
258.71796,32,1960,1,0,0,1811
487.7949,91,1960,1,0,0,963
297.0769,64,1937,2,0,0,2524
131.89745,48,1956,1,0,0,2522
543.7436,76,1937,1,0,0,1942
457.84616,82,1962,1,0,0,1821
272.82053,123,1918,2,0,0,1812
324.41025,68,1939,2,0,0,350
164.20514,57,1954,1,0,0,1371
329.89743,50,1969,1,0,0,1342
1061.5898,98,1929,2,0,0,411
845.3334,110,1939,2,0,0,413
689.8461,90,1985,1,0,0,714
326.30768,78,1968,2,0,0,732
567.64105,92,1918,1,1,0,2322
274.20514,51,1957,1,0,0,1401
102.71795,70,1929,1,0,0,1911
406.6154,58,1937,2,0,0,732
274.46155,76,1924,1,0,0,1713
727.3334,83,1991,1,0,0,1712
260.35898,37,1966,1,0,0,1923
379.23077,74,1918,2,0,0,531
599.1795,68,1929,2,0,0,232
212.15385,110,1929,2,0,0,531
443.4359,72,1918,1,0,0,951
751.02563,93,1970,2,0,0,1262
357.0769,45,1992,1,0,1,1322
652.20514,71,1986,2,0,1,714
786.6154,99,1957,1,0,0,623
624.10254,100,1966,1,0,0,2221
660.71796,62,1996,2,0,1,232
565.89746,64,1931,2,0,0,1243
481.23077,81,1959,2,0,0,1241
567.4359,85,1929,2,0,0,1243
474.2564,120,1918,2,0,0,411
365.53845,85,1939,2,0,0,426
472.2564,84,1967,1,0,0,2221
246.15384,52,1972,1,0,0,1132
642.61536,106,1939,2,0,0,413
476.10257,72,1955,1,0,0,422
397.84616,53,1984,1,0,0,714
532.46155,48,1962,2,0,0,2528
184.15385,51,1955,1,0,0,963
373.53848,50,1982,1,0,0,734
395.64102,48,1957,1,0,0,331
380.6154,83,1959,1,0,0,1812
463.48718,50,1986,1,0,0,1712
960.1539,86,1994,2,0,0,2032
588.97437,92,1918,1,0,0,252
586.82056,77,1974,2,1,0,1943
390.76923,97,1971,2,0,0,2515
270.8718,45,1972,1,0,0,424
355.64102,48,1918,2,0,0,563
332.76926,37,1953,1,0,0,1236
149.74359,45,1957,2,0,0,374
1029.1794,94,1972,2,0,1,425
467.3846,88,1939,1,1,0,1714
496.51282,97,1918,2,0,0,426
423.28207,38,1972,2,0,0,1244
652.87177,90,1960,1,0,0,624
820.61536,110,1918,2,0,0,1244
495.1282,54,1991,1,0,0,1712
220.41025,93,1918,2,0,0,153
622.8205,67,1929,2,0,0,914
418.10257,65,1959,1,0,0,1132
430.30768,64,1963,1,0,0,611
712.35895,125,1929,2,0,0,913
521.28204,81,1971,2,0,0,1954
387.1282,49,1960,1,0,0,422
1168,96,1986,2,0,0,1371
264.97437,84,1939,1,0,0,1013
272.6667,83,1957,1,0,0,422
280.35898,92,1929,1,0,0,816
356.30768,54,1972,1,0,0,1401
586.6667,106,1959,1,0,0,723
362.35895,60,1967,1,0,0,1942
579.28204,65,1972,1,0,0,1944
485.58975,86,1973,1,0,0,2024
450.76923,82,1959,2,0,0,1842
635.0257,83,1989,2,0,0,1644
175.23077,33,1939,2,0,0,541
498,60,1955,1,0,0,927
203.4359,43,1954,1,0,0,1612
810.8205,93,1957,1,0,1,1361
307.17947,110,1918,2,0,0,1354
245.28204,33,1918,2,0,0,152
230.35898,44,1957,1,0,0,1712
343.64102,92,1957,2,0,0,333
528.1026,79,1978,1,0,0,2025
513.9487,58,1918,2,0,0,942
572.7692,62,1957,1,0,0,962
316.35898,53,1960,2,0,0,951
322.30768,100,1918,2,0,0,943
476.35898,50,1964,1,0,0,1712
486.2051,83,1961,1,0,0,723
485.07693,61,1954,1,0,0,1821
310.20514,23,1957,2,0,0,1261
753.17944,80,1983,1,0,0,1124
250.5641,39,1939,1,0,0,1924
543.4872,88,1977,1,0,0,1634
383.23077,35,1929,2,0,0,321
510.66666,82,1971,1,0,0,713
361.89743,60,1918,1,0,0,612
573.28204,60,1986,2,1,0,2132
461.28204,75,1963,1,0,0,1014
336,89,1957,2,0,0,1375
351.3333,60,1918,2,0,0,815
374.76923,80,1941,1,0,0,734
345.58975,64,1960,1,0,0,1402
543.8461,100,1929,1,0,0,543
646.8718,57,1960,1,0,0,1822
342.76926,69,1918,1,0,0,552
307.84616,100,1924,2,0,0,521
347.64105,76,1929,2,0,0,561
451.84613,92,1958,2,0,0,561
286.10257,105,1982,2,1,1,1832
1038.8204,137,1918,2,0,0,1375
334.76923,35,1957,2,0,0,942
446.71793,64,1970,1,0,0,1375
766.1026,82,1962,1,0,0,951
526.5128,50,1991,1,0,0,1832
726.7692,78,1994,1,0,0,1406
99.23077,42,1939,2,0,0,964
694.7179,72,1918,2,0,0,562
480.66666,63,1958,1,0,0,1713
460.76923,100,1918,1,0,0,1713
370.66666,58,1960,1,0,0,1713
296.66666,29,1957,1,0,0,1711
745.7436,103,1939,1,0,0,1912
559.02563,114,1918,2,0,0,532
437.58975,37,1971,2,0,0,1854
471.64102,64,1965,1,0,0,1944
521.4359,104,1918,3,0,0,912
250.10257,70,1918,2,0,0,412
337.3846,53,1972,2,0,0,942
517.02563,101,1929,1,1,0,1011
962.0513,113,1972,1,1,0,1406
620.3077,69,1939,2,0,0,914
285.02563,108,1918,1,0,0,1375
589.9487,71,1968,2,0,0,1333
266.6154,53,1982,2,0,0,411
358.56412,70,1967,1,0,0,1341
253.53845,33,1956,2,0,0,532
265.89743,50,1957,2,0,0,916
465.3846,50,1957,2,0,0,113
512.35895,103,1930,1,0,0,1404
432.71796,55,1918,1,0,0,623
737.02563,102,1979,1,0,0,1611
600.10254,79,1957,1,0,0,563
941.6923,146,1979,1,0,0,1611
305.1282,44,1966,1,0,0,2514
358.82053,40,1918,2,0,0,231
362.6154,75,1940,1,0,0,2525
499.07693,54,1929,1,0,0,1924
377.3846,41,1956,2,0,0,1853
568.1026,82,1973,2,1,0,711
394.46155,38,1966,2,0,0,732
749.2308,92,1973,1,0,0,713
425.3846,50,1957,2,0,0,153
684.6666,83,1972,1,0,0,1911
366.46152,58,1972,1,0,0,1831
348.6667,65,1918,2,0,0,220
311.6923,44,1973,1,0,0,1643
599.9487,82,1984,1,0,0,1634
431.79486,68,1965,1,0,0,1944
292.46152,60,1918,1,0,0,552
383.58975,70,1957,1,0,0,1811
264.41025,32,1972,1,0,0,1712
474,120,1918,2,0,0,511
224.15385,40,1957,1,0,0,623
379.48718,50,1991,1,0,1,623
255.1282,28,1963,1,0,0,711
417.64105,79,1970,2,0,0,713
451.17947,45,1957,2,0,0,412
636.4103,100,1971,2,0,0,1852
625.5385,63,1985,1,0,0,1942
237.02565,55,1972,1,0,0,1932
313.4359,54,1962,1,0,0,1933
458.8718,67,1963,1,0,0,1712
417.69232,59,1933,1,0,0,1911
786.82056,85,1994,1,0,0,2514
459.7436,65,1918,2,0,0,913
552.46155,58,1986,1,0,0,623
738.2564,76,1992,1,0,0,1406
374.71796,56,1957,2,0,0,1943
792.2564,70,1989,2,0,0,2025
495.17947,52,1972,1,1,0,1927
374.46155,65,1962,1,0,0,1404
366.76923,43,1991,2,0,0,1532
430.46155,68,1964,1,0,0,1402
817.4359,90,1979,1,0,1,1401
676.8718,64,1957,1,0,0,1711
412.35895,70,1965,1,0,0,1712
368.35898,40,1929,2,0,0,541
291.79486,26,1972,2,0,0,350
567.12823,39,1983,2,0,0,531
262.6154,48,1932,1,0,0,1812
678.3077,70,1991,1,0,0,1911
345.64102,35,1995,1,0,0,623
243.33333,37,1957,1,0,0,1133
936.8718,82,1984,3,0,0,1952
134.97437,58,1918,1,0,0,1912
460.10257,39,1991,1,0,0,623
494.82053,71,1918,1,0,0,563
235.38461,32,1972,2,0,0,563
328.82053,87,1957,2,0,0,125
178.61537,45,1918,2,0,0,350
378.3077,38,1957,1,0,0,1617
276.2564,42,1964,1,0,0,1406
657.5898,125,1918,2,0,0,1262
1208.0513,101,1980,2,0,0,411
646,78,1957,1,0,0,713
768.7692,62,1993,2,0,0,2022
275.3846,89,1930,1,0,0,816
463.07693,65,1918,2,0,0,426
357.28204,43,1959,2,0,0,1241
247.23077,51,1986,1,0,0,1212
366.35898,58,1938,1,0,0,1213
395.7436,86,1957,1,0,0,424
426.15384,53,1980,1,0,0,1133
577.64105,59,1994,1,0,0,2149
760.7692,73,1963,1,0,0,711
605.12823,72,1972,1,0,0,1013
382.51285,64,1935,1,0,0,2524
597.79486,95,1918,2,0,0,372
286.51282,29,1957,2,0,0,360
400.76923,64,1918,1,0,0,163
205.23077,36,1955,2,0,0,411
300.66666,110,1918,2,0,0,1243
283.94873,28,1929,2,0,0,412
265.33334,58,1918,2,0,0,1243
256.97437,32,1972,1,0,0,1281
208.46153,70,1918,2,0,0,914
518.20514,60,1959,2,0,0,210
428.0513,34,1957,2,0,0,1243
711.0769,113,1929,2,0,0,426
200.15384,57,1957,2,0,0,1261
876.1539,80,1924,2,0,0,414
373.64102,37,1929,2,0,0,412
313.1795,68,1957,2,0,0,415
515.4359,78,1980,2,0,0,350
94.05128,46,1918,1,0,0,1921
392.9231,75,1972,2,0,0,732
266.46152,39,1968,1,0,0,1921
378.2564,73,1968,1,0,0,1921
352.05127,65,1959,1,0,0,1371
505.23077,68,1918,2,0,0,372
263.1282,34,1957,1,0,0,1241
312.76926,50,1957,2,0,0,360
516.3077,70,1961,1,0,0,2528
310.66666,75,1961,1,0,0,1013
270.05127,41,1957,2,0,0,531
464.8718,84,1991,1,0,0,1713
314.66666,59,1957,1,0,0,1402
257.64102,60,1956,1,0,0,711
260.0513,32,1957,2,0,0,521
641.4872,68,1979,1,0,0,1401
276.66666,52,1960,2,0,0,561
485.89743,67,1939,2,0,0,941
629.6923,90,1961,1,0,0,713
391.3846,56,1955,1,0,0,1713
302.05127,56,1962,2,0,0,360
615.07697,50,1972,1,1,0,1236
299.58975,91,1939,1,0,0,611
532.92303,58,1984,1,0,0,2024
447.69232,86,1962,1,0,0,734
301.6923,31,1972,1,0,0,816
718.1026,78,1955,1,0,0,1371
576.1026,57,1972,2,0,0,425
286.05127,118,1918,1,0,0,822
539.2308,109,1918,1,0,0,612
245.23077,70,1918,2,0,0,914
538.46155,82,1985,1,0,0,1346
416.8205,82,1972,1,0,0,1643
535.07697,75,1971,1,0,0,1643
631.1795,85,1957,1,0,1,612
457.94873,75,1984,1,1,0,2149
308.46155,76,1918,2,0,0,532
581.4359,47,1983,1,0,0,422
239.02565,35,1994,2,0,0,2144
624.87177,83,1983,1,0,0,2146
562.4102,62,1929,2,0,0,350
280.76923,60,1918,2,0,0,942
509.4359,56,1957,1,0,0,1711
412.56412,84,1918,1,0,0,432
483.94873,51,1956,2,0,0,563
225.28204,54,1957,2,0,0,941
518.46155,130,1918,1,0,0,1831
384.71796,57,1996,1,0,0,2523
491.0769,49,1957,1,0,0,927
502,43,1972,1,0,0,1812
339.79486,55,1924,1,0,0,1714
331.1282,42,1918,1,0,0,552
417.58975,60,1954,1,0,0,1821
683.53845,110,1983,1,0,0,1512
395.3846,69,1957,1,0,0,1621
300.66666,71,1983,1,0,0,1321
568.1539,100,1972,1,0,0,1342
631.1282,86,1983,1,0,0,1541
502.6667,40,1991,1,0,0,1636
486.30768,87,1968,1,0,0,1942
200.82051,30,1972,1,0,0,1363
188.35896,21,1966,3,0,0,1853
277.17947,71,1963,1,0,0,713
325.07693,97,1918,2,1,0,925
259.23077,62,1955,1,0,0,2523
312.10254,67,1964,1,0,0,2441
649.38464,94,1971,1,0,0,1012
385.17947,56,1972,1,0,0,2421
359.3846,36,1966,1,0,0,2421
517.6923,48,1985,1,0,0,2421
539.28204,65,1965,1,0,0,1112
239.28206,86,1960,1,1,0,2421
309.94873,76,1960,1,0,0,2421
410.20514,93,1955,1,1,0,1111
267.3846,28,1968,1,0,0,1112
706.20514,84,1981,1,0,0,1133
898.9231,95,1918,2,0,0,1238
247.79488,75,1918,2,0,0,360
663.43585,67,1991,2,0,0,162
557.53845,68,1970,1,0,0,711
367.7436,65,1957,1,0,0,711
375.1282,49,1983,1,0,0,1832
261.9487,38,1918,1,0,0,1713
341.84613,67,1936,2,0,0,943
374.46155,35,1918,2,0,0,231
105.74359,38,1957,1,0,0,811
852.6666,80,1972,3,0,0,1331
1081.7949,103,1959,1,0,0,1821
968.8205,130,1929,2,0,0,331
446.66666,75,1957,1,0,0,1516
875.0257,102,1918,2,1,0,360
661.7436,79,1986,1,0,0,1921
468.9231,52,1929,1,0,0,543
329.28204,54,1966,1,0,0,1955
325.58975,36,1967,1,0,0,1934
284.71796,38,1957,2,0,0,942
578.6667,58,1957,2,0,0,941
592.46155,91,1979,1,0,0,1611
495.28204,49,1994,1,0,1,1361
432,96,1939,1,0,0,816
848.9231,108,1994,1,1,1,2513
408.9231,53,1939,2,0,0,2523
565.12823,58,1983,2,0,0,2529
283.89743,58,1954,1,0,0,2524
322.2564,68,1960,1,0,0,623
517.53845,55,1981,1,0,0,611
161.38463,54,1955,1,0,0,623
364.8718,72,1968,1,0,0,1321
496.2051,45,1992,2,0,0,930
344.46155,35,1972,2,0,0,943
661.8461,99,1939,2,0,1,914
183.58974,70,1918,2,0,0,913
590.1539,66,1972,1,1,0,2024
274.97437,38,1970,1,0,0,2033
575.7436,119,1939,2,0,0,531
621.9487,87,1962,1,0,0,822
182.3077,38,1972,1,0,0,1913
342.10254,45,1971,1,0,0,2221
141.23076,86,1929,1,0,0,1812
488.3077,83,1972,1,0,0,1821
613.79486,100,1983,1,0,0,1342
388.6667,57,1955,1,0,0,963
485.1282,45,1941,1,0,0,1924
1041.8975,116,1964,2,1,1,2023
283.33334,30,1972,2,0,0,914
564.1538,68,1963,1,0,0,1022
768.46155,74,1986,2,0,0,2035
435.48718,80,1973,1,0,0,2111
405.43588,78,1963,2,0,0,2134
504.15384,51,1989,1,0,0,1636
508.82053,58,1918,2,0,0,426
1551.1796,160,1918,2,1,0,251
350.6154,56,1918,1,0,0,816
307.48715,23,1969,2,0,0,372
422,79,1991,2,0,0,1634
481.0769,58,1958,1,0,0,1926
1465.4359,155,1918,2,0,0,1263
269.23077,55,1939,2,0,0,273
561.0769,90,1962,1,0,0,1122
490.66666,63,1979,1,0,1,422
413.48718,53,1996,1,0,1,962
815.5898,107,1972,3,0,0,911
550,50,1991,2,0,0,930
253.48717,30,1965,1,0,0,1934
226.61539,30,1965,1,0,0,1934
429.79486,31,1957,2,1,0,1261
497.3333,44,1994,1,0,0,612
571.8974,78,1959,1,0,0,723
295.6923,67,1957,2,0,0,321
721.1795,92,1957,2,0,0,374
347.0769,44,1985,1,0,0,1346
629.53845,96,1979,1,0,0,2024
329.84616,48,1939,2,0,0,210
280.97437,53,1957,2,0,0,372
271.53845,38,1929,1,0,0,122
396.30768,30,1959,2,0,0,512
400.10257,64,1973,2,0,0,331
283.69232,56,1957,2,0,0,231
279.02563,48,1939,1,0,0,1011
354.82053,66,1957,2,0,0,411
325.1282,62,1939,1,0,0,916
480.15384,79,1971,1,0,0,962
559.12823,64,1924,2,0,0,941
293.7949,77,1918,2,0,0,414
449.1795,96,1918,2,0,0,414
525.5385,81,1957,1,0,0,2135
308.82053,52,1957,1,0,0,1911
242.05128,30,1957,2,0,0,1263
364.71796,37,1974,1,0,0,915
405.07693,50,1929,3,0,0,1263
808.4103,118,1924,2,0,0,1853
590.71796,72,1996,1,1,0,1513
537.28204,74,1939,1,0,0,1401
587.28204,86,1963,1,0,0,1342
475.89743,55,1968,1,0,0,1353
377.69232,88,1957,1,0,0,1321
558.20514,63,1982,1,0,0,1646
519.0769,70,1957,1,0,0,1643
448.10257,93,1971,2,0,0,1934
445.33334,54,1996,1,0,0,1933
419.4359,82,1929,1,0,0,1812
439.64102,54,1976,2,0,0,151
372.05127,43,1984,1,0,0,1912
302.15384,40,1938,2,0,0,1954
883.4872,95,1970,3,0,0,1955
604.35895,160,1918,2,0,0,1263
424.92307,56,1967,1,0,0,1013
354.0513,55,1958,1,0,0,1713
966.1026,125,1918,2,0,0,284
404.2564,36,1972,2,0,0,312
169.89743,27,1972,2,0,0,2134
439.53845,58,1957,2,0,0,2134
646.7692,64,1995,2,0,1,711
498.15387,84,1957,1,0,0,1312
431.0769,60,1976,1,0,0,1644
336.71793,56,1964,2,0,0,2133
431.89743,47,1983,1,0,0,611
583.5897,86,1937,1,0,0,1236
259.53845,60,1918,1,0,0,1911
584.35895,127,1918,2,0,0,360
286.46152,55,1957,1,0,0,1812
258.41025,51,1932,1,0,0,1812
632.4102,62,1973,2,0,0,1958
592.87177,89,1962,2,0,0,415
865.9487,75,1982,2,0,0,1532
649.7436,86,1970,1,0,0,713
327.17947,31,1971,2,0,0,321
335.79486,38,1957,1,0,0,713
364.92307,75,1962,1,0,0,711
305.3846,90,1918,1,0,0,2135
1163.4872,115,1955,3,1,0,912
593.4872,65,1918,1,0,0,261
682.20514,65,1984,1,0,0,552
407.48715,37,1991,1,0,0,1712
353.7436,66,1963,1,0,0,1833
430.71796,56,1983,2,0,0,1541
539.5897,75,1971,1,0,0,1643
348.82053,54,1983,2,0,0,1541
703.02563,84,1970,2,1,0,1541
472.35895,65,1963,1,0,0,1832
388,47,1972,1,0,0,1711
574.10254,90,1970,1,0,0,1022
389.58975,37,1971,1,0,0,1012
357.1282,63,1964,1,1,0,1013
584.10254,100,1968,1,0,0,1014
422.76926,58,1962,1,0,0,1013
511.28204,56,1984,2,0,0,321
621.53845,58,1986,1,0,0,2024
238.5641,33,1973,1,0,0,2024
529.3333,64,1961,1,0,0,1942
324.2564,32,1961,1,0,0,1942
665.7949,81,1968,1,0,0,1942
489.58975,76,1939,1,0,0,2414
618.5128,78,1994,1,0,0,1402
595.8462,81,1985,1,0,1,1341
505.89743,50,1972,1,0,0,1541
356.10257,38,1958,1,0,0,1822
227.53847,65,1957,2,0,0,2522
577.4872,67,1967,1,0,1,2514
556.4103,101,1929,2,0,0,914
326.15384,26,1960,1,0,0,1241
658.20514,67,1991,1,0,1,1361
671.0769,77,1959,2,0,0,2145
390.71796,57,1972,2,0,0,711
661.1795,72,1972,1,0,0,2213
429.28204,38,1972,2,0,0,1238
797.5898,57,1977,3,0,0,1250
544.1538,68,1957,1,0,0,2135
410.30768,79,1989,1,0,0,2131
450.71796,90,1989,1,0,0,2131
424.71796,65,1968,1,0,0,1641
389.64102,69,1956,2,0,0,926
197.94872,70,1956,1,0,0,2513
394.6154,50,1972,1,0,0,963
302.82053,57,1957,1,0,0,1622
273.1795,33,1939,1,0,0,252
841.641,130,1918,3,0,0,1374
285.84616,58,1955,1,0,0,1375
778.7692,81,1993,1,0,0,1406
216.41026,50,1963,1,0,0,711
497.3333,60,1929,1,0,0,623
250.61539,52,1959,1,0,0,1713
696.1539,79,1973,2,0,0,1334
403.64102,41,1986,1,0,0,2526
864.4102,105,1969,3,0,0,1853
274.3077,40,1972,1,0,0,1406
402.82053,69,1983,2,1,0,711
291.84613,29,1966,1,0,0,723
441.17947,56,1967,1,0,0,723
422.82053,120,1918,1,0,0,124
540.1539,122,1918,1,0,0,261
358.82053,100,1918,1,0,0,273
675.3334,87,1980,1,0,0,261
523.0769,63,1918,1,0,0,1711
258.51282,65,1929,2,0,0,961
205.23077,110,1929,3,0,0,911
368.56412,34,1961,2,0,0,2135
460,64,1963,1,0,0,611
521.6923,72,1972,2,0,0,321
860.3077,94,1982,1,0,0,611
409.89743,88,1955,2,0,0,522
285.64102,35,1971,1,0,0,963
643.7436,65,1972,2,0,0,611
255.48718,93,1918,1,0,0,624
424.46155,73,1957,1,0,0,252
311.9487,54,1918,2,0,0,153
276.35898,50,1957,2,0,0,163
644.9743,62,1972,1,0,0,1646
420.97437,56,1957,2,0,0,961
441.58972,77,1969,1,0,0,1133
476.76923,60,1961,2,0,0,231
161.79488,24,1960,2,0,0,231
299.4359,46,1957,1,0,0,522
732.2564,72,1918,2,0,1,531
442.05127,46,1952,2,0,1,1347
296.41025,32,1971,2,0,0,2022
562.4102,50,1984,2,0,0,2022
664.5641,77,1957,2,0,0,350
456.2564,39,1957,2,0,0,153
471.48718,67,1957,2,0,0,372
358.6667,98,1963,2,0,0,411
311.48718,30,1968,1,0,0,1921
429.84616,45,1992,2,0,0,930
157.23077,58,1929,2,0,0,232
670.61536,64,1991,2,0,0,1408
304.2564,28,1961,2,0,0,425
359.4359,80,1970,1,0,0,724
416.76923,43,1957,2,0,0,350
308,35,1959,2,0,0,926
322.15384,38,1959,1,0,0,624
265.58975,49,1963,1,0,0,623
231.94872,62,1972,1,0,0,432
633.8974,117,1918,2,0,0,413
294.20514,59,1960,1,0,0,432
256.66666,84,1961,1,0,0,432
501.58972,63,1957,2,0,0,350
697.8462,112,1918,2,0,0,360
444.35898,56,1969,1,0,0,2522
546.97437,86,1918,1,0,0,2524
664.3077,90,1956,1,0,0,2524
497.48715,59,1958,2,0,0,913
536.7692,92,1918,2,0,0,1372
323.02567,47,1967,1,0,0,2221
317.48715,65,1957,1,0,0,623
590.61536,62,1918,1,0,0,816
197.6923,56,1929,1,0,0,822
457.1282,65,1961,2,0,0,231
281.84613,95,1959,2,0,0,333
482.6667,65,1960,1,0,0,1132
745.07697,100,1985,1,0,0,1236
251.07692,80,1929,1,0,0,812
377.58975,68,1939,1,0,0,822
480.8718,53,1957,2,0,0,231
322.8718,37,1966,2,0,0,210
227.79488,73,1972,1,0,0,822
620.35895,80,1957,2,0,0,321
223.64102,64,1934,2,0,0,1372
532.7692,70,1955,1,0,1,1363
621.1795,67,1961,2,0,0,532
379.94873,50,1958,2,0,0,1347
341.3333,34,1972,1,0,0,1714
415.7436,134,1918,2,0,0,563
351.17947,54,1929,2,0,0,563
566.6667,52,1929,2,0,0,210
606.97437,65,1994,1,0,1,1712
226.71796,38,1958,1,0,0,1375
535.2821,53,1939,1,0,0,1624
396.66666,70,1961,2,0,0,360
174.82051,59,1929,1,0,0,372
275.43588,52,1957,2,0,0,413
646.82056,120,1939,3,0,0,2133
701.8974,65,1929,2,0,0,151
577.7436,106,1954,1,0,0,1921
490.2564,67,1957,1,0,0,163
275.33334,40,1965,1,0,0,1404
589.12823,66,1959,1,0,0,1712
795.07697,70,1989,1,0,0,1636
558.71796,109,1929,2,0,0,913
287.48715,30,1971,2,0,0,916
254.05128,47,1972,1,0,0,1913
498,60,1979,1,0,0,2024
473.69232,60,1929,2,0,0,914
334.51282,48,1957,2,0,0,943
168.35896,30,1939,1,0,0,331
629.3333,53,1957,2,0,0,913
277.53848,58,1924,2,0,0,732
442.56412,88,1951,1,1,0,734
738,80,1972,2,0,0,2027
359.1282,72,1963,1,1,0,1712
425.3846,69,1964,1,0,0,1622
438.76923,55,1959,1,0,0,2025
510.97437,63,1963,1,0,0,1712
256.5641,37,1957,1,0,0,1025
516.6667,155,1929,1,1,0,163
209.58975,48,1962,2,0,0,372
754.5128,73,1969,3,0,0,1952
321.02563,54,1960,1,0,0,1114
914.5128,107,1959,2,0,0,1935
359.84616,53,1973,1,0,0,2024
137.74359,86,1939,2,0,0,942
616,70,1918,2,0,0,121
333.89743,75,1957,1,0,0,951
303.23077,72,1954,1,0,0,963
308,72,1970,2,0,0,964
520.359,60,1984,2,0,0,942
178.3077,39,1957,1,0,0,951
462.6667,83,1924,1,0,0,1011
553.0769,120,1918,1,0,0,962
794.6666,98,1929,2,0,0,543
289.48718,36,1957,2,1,0,1407
579.1795,85,1969,1,0,0,1641
453.53848,83,1972,1,0,0,1635
568.71796,50,1994,2,0,0,1634
330.6154,43,1969,1,0,0,1631
317.7949,48,1966,2,0,0,1615
729.64105,98,1959,2,1,0,1624
572.6666,89,1979,1,0,1,1401
792.5641,85,1980,2,0,0,411
303.64102,59,1960,1,0,0,272
414.97437,75,1929,1,0,0,611
195.48718,62,1918,1,0,0,623
395.3846,65,1994,2,0,0,152
190.35898,37,1924,1,0,0,2223
610.10254,97,1994,1,0,0,2142
657.07697,59,1991,3,0,0,2133
421.89743,45,1965,1,0,0,1923
372.9231,42,1983,1,0,0,1912
304.2564,45,1941,1,0,0,1924
398.20514,82,1935,1,0,0,623
249.1282,38,1995,1,0,0,2223
294.20514,29,1956,2,0,0,1243
325.79486,61,1957,2,0,0,360
354.41025,105,1918,2,0,0,371
401.9487,43,1918,1,0,0,811
678.8205,85,1918,1,0,0,623
1020.10254,96,1918,2,0,1,926
502.41025,85,1957,2,0,0,413
365.28204,82,1957,1,0,0,414
381.17947,54,1957,2,0,0,926
296.35898,28,1957,2,0,0,350
429.4359,71,1973,1,0,0,1642
456.97433,54,1968,1,0,0,1641
336.10257,32,1973,2,0,0,563
865.2821,77,1994,2,0,1,1532
211.64104,21,1972,2,0,0,565
331.17947,90,1918,2,0,0,563
523.3846,48,1996,1,0,0,1821
252.5641,52,1957,1,0,0,1812
624.35895,66,1929,2,0,0,563
358.2564,32,1967,1,0,0,1812
179.89743,85,1929,1,0,0,1812
340.71796,50,1956,1,0,0,1811
1125.4872,140,1918,2,1,0,563
601.1795,65,1929,1,0,0,1811
409.1795,80,1929,1,0,0,552
283.23077,94,1918,1,0,0,1712
604.9743,89,1973,1,0,0,2024
303.02567,33,1970,1,0,0,2121
314.10257,65,1972,1,0,0,1402
523.5897,68,1961,1,0,1,1406
145.28204,56,1918,1,0,0,1401
602.8205,68,1972,1,0,0,1401
517.53845,78,1939,1,0,0,1401
1210.9231,115,1955,3,0,0,1372
455.33334,78,1968,2,0,0,1344
709.28204,63,1971,2,0,0,1343
573.0769,67,1972,1,1,0,1321
275.53845,88,1934,2,0,0,1372
177.4359,50,1929,2,0,0,1335
400.20514,95,1918,2,0,0,1373
578.6667,93,1964,1,1,0,1362
631.3846,55,1981,1,0,0,1361
394.6154,50,1967,1,0,0,1361
785.7436,157,1918,2,0,0,1242
732.3077,80,1991,2,0,0,1235
438.3077,43,1991,2,0,0,1235
332.6667,80,1960,2,0,0,1241
214.5641,49,1948,1,0,0,1236
221.28206,50,1918,1,0,0,1236
330.05127,43,1952,1,0,0,1236
119.589745,43,1937,2,0,0,1242
306.2564,47,1952,1,0,0,1236
883.7436,110,1918,2,0,0,411
230.92307,80,1929,2,0,0,350
325.84616,63,1957,2,0,0,411
436.5641,48,1957,2,0,0,372
409.3846,50,1918,2,0,0,360
434.66666,39,1972,2,0,0,2031
218.10255,25,1961,1,0,0,1831
617.8462,62,1956,1,0,0,1841
513.4872,68,1957,2,0,0,350
461.3333,81,1959,2,1,0,415
386.30768,79,1991,1,0,0,2222
805.7949,72,1976,2,0,0,2145
256.20514,61,1961,1,0,0,2135
478.9231,56,1964,1,0,0,2121
174.25641,60,1918,1,0,0,623
649.4872,56,1985,2,0,0,1235
273.69232,42,1940,1,0,0,1233
672.6666,84,1970,2,0,0,2143
276.71793,26,1959,1,0,0,624
440.10257,95,1918,1,0,0,623
412.46152,76,1929,1,0,0,1011
403.94873,78,1957,1,0,0,915
275.28204,40,1966,1,0,0,1134
407.84616,33,1973,1,0,0,1321
711.1282,80,1981,3,1,0,2148
595.4359,106,1969,1,1,0,2113
250.35898,48,1972,1,0,0,2121
384.3077,64,1960,1,0,0,2131
691.9487,86,1965,1,0,0,2148
805.2821,83,1957,2,0,0,411
220.8718,68,1972,1,0,0,2222
512.2564,57,1988,1,0,0,1236
241.58975,55,1957,2,0,0,413
821.4872,95,1983,2,0,0,922
252.51282,39,1961,1,0,0,1821
465.1282,85,1973,1,0,0,713
285.58975,28,1950,1,0,0,612
180.3077,56,1939,1,0,0,814
495.07693,32,1991,2,1,0,332
442.8718,64,1918,1,0,0,962
182.71794,57,1918,2,0,0,961
237.79488,40,1994,1,0,0,1621
246.92308,110,1918,1,0,0,1711
648,86,1972,1,0,0,552
254.25641,60,1918,1,0,0,1711
229.17949,32,1968,1,0,0,1811
118.61539,60,1939,1,0,0,1925
331.6923,41,1961,1,0,0,1821
362.41025,49,1957,1,0,0,552
256.8718,33,1961,1,0,0,1133
196.15384,59,1990,3,0,0,1952
333.53848,34,1965,1,0,0,1944
319.69232,35,1929,2,0,0,563
326.2564,36,1972,1,0,0,963
109.948715,26,1918,2,0,0,916
1174.1539,137,1918,2,0,1,372
377.43588,82,1939,1,0,0,1011
185.33333,30,1959,3,0,0,964
511.7436,72,1991,2,0,0,2144
142.82051,51,1940,2,0,0,734
314.3077,34,1977,2,0,0,411
179.53847,29,1959,3,0,0,924
562.20514,145,1929,1,0,0,1238
330.8205,20,1972,2,0,0,411
390,56,1957,1,0,0,1712
375.53845,35,1939,1,0,0,962
340.8205,63,1954,1,0,0,2513
437.0769,64,1959,2,0,0,113
475.33334,73,1968,1,0,0,1402
929.89746,100,1972,1,1,0,1124
503.02567,85,1957,2,0,0,350
539.1795,54,1939,2,0,0,413
431.53845,39,1957,2,0,1,413
345.3846,78,1961,1,0,0,432
243.84616,37,1957,2,0,0,411
544,69,1984,2,0,0,1235
273.7436,30,1960,1,0,0,1241
300.71796,57,1940,1,0,0,2525
329.89743,85,1969,3,0,0,1851
289.4359,20,1957,2,0,0,372
551.0769,68,1957,2,0,0,372
366.15384,56,1962,1,0,0,422
475.6923,86,1953,1,0,0,1721
143.4359,32,1955,1,0,0,1821
531.8461,74,1960,3,0,0,512
265.17947,65,1959,1,0,0,543
256.71796,35,1950,1,0,0,2322
291.3846,83,1961,1,0,0,1631
398.82053,79,1958,1,0,0,712
482.71796,98,1974,1,0,0,1402
304.51282,101,1929,2,0,0,1372
735.6923,75,1918,2,0,0,232
695.12823,84,1981,1,1,1,611
263.84616,51,1958,1,0,0,1926
337.02563,58,1939,2,0,0,563
369.84616,35,1957,2,0,0,922
479.1282,56,1972,1,0,0,1342
441.64102,61,1954,1,0,0,1821
259.89743,77,1968,1,0,0,711
588.4103,65,1993,1,1,1,1921
291.17947,33,1983,1,0,1,1921
470.6154,96,1929,1,0,0,611
523.7436,136,1929,1,0,0,623
560.20514,68,1981,2,0,0,731
454,56,1970,1,0,0,1712
218.5641,76,1939,1,0,0,1014
739.8461,49,1994,2,1,1,1853
303.7436,41,1973,1,0,0,1643